-- phpMyAdmin SQL Dump
-- version 4.2.7.1
-- http://www.phpmyadmin.net
--
-- Host: 127.0.0.1
-- Generation Time: Jun 28, 2016 at 01:40 PM
-- Server version: 5.6.20
-- PHP Version: 5.5.15

SET SQL_MODE = "NO_AUTO_VALUE_ON_ZERO";
SET time_zone = "+00:00";


/*!40101 SET @OLD_CHARACTER_SET_CLIENT=@@CHARACTER_SET_CLIENT */;
/*!40101 SET @OLD_CHARACTER_SET_RESULTS=@@CHARACTER_SET_RESULTS */;
/*!40101 SET @OLD_COLLATION_CONNECTION=@@COLLATION_CONNECTION */;
/*!40101 SET NAMES utf8 */;

--
-- Database: `debontekoe`
--

-- --------------------------------------------------------

--
-- Table structure for table `films`
--

CREATE TABLE IF NOT EXISTS `films` (
`id` int(64) NOT NULL,
  `titel` varchar(256) NOT NULL,
  `genre` varchar(128) NOT NULL COMMENT 'in minuten',
  `speelduur` int(8) NOT NULL,
  `regisseur` varchar(64) NOT NULL,
  `taalversie` varchar(64) NOT NULL,
  `3d` tinyint(1) NOT NULL,
  `omschrijving` text NOT NULL,
  `filmposter` mediumblob NOT NULL,
  `trailer` varchar(128) NOT NULL,
  `datum` datetime NOT NULL
) ENGINE=InnoDB  DEFAULT CHARSET=latin1 AUTO_INCREMENT=2 ;

--
-- Dumping data for table `films`
--

INSERT INTO `films` (`id`, `titel`, `genre`, `speelduur`, `regisseur`, `taalversie`, `3d`, `omschrijving`, `filmposter`, `trailer`, `datum`) VALUES
(1, 'Shrek', 'Avontuur', 120, 'Tim Allen', 'Nederlands', 0, 'Shrek is een Amerikaanse komische computeranimatiefilm, geproduceerd door de firma DreamWorks. De film is gebaseerd op het gelijknamige boek van William Steig. De regie was in handen van Andrew Adamson en Vicky Jenson. De stemmen worden ingesproken door Mike Myers, Eddie Murphy, Cameron Diaz, en John Lithgow.', 0xffd8ffe000104a46494600010100000100010000ffdb00840009060713131215131313161615171815181818181817181a1818181717171717181a181d2820181a251b151f21312125292b2e2e2e2030333833303730303030010a0a0a0e0d0e1b10101a2d2520252d2d2d2d2d2d2d2d2d2d2d2d2d2d2d2d2d2d2d2d2d2d2d2d2d2d2d2d2d2d2d2d2d2d2d2d2d2d2d2d2d2d2d2d2d2d2d2d2d2dffc00011080226016f03012200021101031101ffc4001c0000020203010100000000000000000000040503060001020708ffc40046100001020404030604040503010704030001021100030421051231415161710613228191a132b1c1f0074252d114236272e18292f11516243343a2b2c2345373d21783e2ffc4001a010002030101000000000000000000000002040001030506ffc40036110002020103020502050303040300000001020011030412213141051322516171a114328191b1c1d1f02342e1153352f10643a2ffda000c03010002110311003f00b6d45efce399531a0e420110be7a48263aa8c1b89cf208e61899f688d53098104d8e5551ce0863e6517e210a5c6d13a034ade2696d0656a5068c64ce895531c6b0bd0b68c54d8c0e3b3c4d03d46549343883d062b626b432a7abb4619b01eb0d32768c66dc4712d0d03a2b04112e7030b94651535b04cee74b4910ba9f0f40512c1e3baa9b7b189654c0dce355dc8bf580689982407d21663b8609b6ded0c6a6630b4409a90f78d3133a9dc3b41c801146516b6832288befac01173c665a482586a7de29ab0dac77f4d98e45e671b518c636e2684634646433730991a8ea34f12e49919191912e4a99191918f12e4a991a31b78c89724c68d46e3225c95351b8cfb31912e4990c707002cb8ff885e2279150525e33c80b2d42c669ae5844848b8b7dbc4ef0ba96af341695c73994833a28ca4712531b4cc885e34f0150ee1c99918a9b7815331a393362b64bdd1905c0f3157889336219d3a29539965b892acc75295028991bcf07503743bbe68c54e785e665e254cd81d950b7c6122ab68ef3830a02a30d4b4579366c49e671cc2a7a43da029863935310aa646c895d664cd7d21485c172570a84c682113b9c464b915a1ea5c42a9b031a988d7304504965e11df41522a2d0984cbc4b2e6c59c7c4a0f1ca6644a9aa298588aa68915560c2ed8e6c1c5423f8b73040a9610af388c993a2ce3068095e61966c3b104897373642a48cc80a62492ee39b3089a926d3ff0024aca02b22dee9caf6b29ee0f0f38a9ca99781313ab3a0b464347b9a8184753b45cb3625512cd0d8caceca7729cf659232eeed0a3b2864f75303c81525632f7fa7776f8789d74df58ad15922fc5e382987974246329bbbdc4df55b9c354bfe1228d29292b90b2aa8201c89538511601ce54b967b888a9534e99552909a74ac4e9a12165164ecc4df4b81144527e9b712dbc5c2afb0e1014aef094012f2d83e651650206a3420fed0b66d3a613ebc879f8f99b63cad9052a0e27547474c68849264f7824a6685954bcd9c9cd94ee05802e778dd4e23215fc18c94e04ccaa9cc11e0200241bf846c5e21aaec8c94544a91deafc79ee42354a42acda387d44714bd90066a24cc5a92b5226ad40652c12bca823a863003c9ea5c9efd0fb7fc5c2232740a0768da7091fc620e5a554bcab0c168040251e262189039e902d0d5d3a6aaa527f8654bcb9d2aca9033800640e58b6eda9e10351764652c4d21730842d2901294925d292ec2ccea3a1da145660c89552642e63cb49199694b90087d03df63131e3c4c4a87278f63f594ed91402507584f646a252ea8ae7a65252a42ce52121014e9b00ab3eb0ffb3c69a6aa64d54b95fcc589612a12d3952905d412e75f785d3fb232cd4269d13959b2e75e64688b365d0124f1d21f617804b414645128582c4a4a55e1e20fec20753971372ac45815c1ed0f4f89c7a580e098ae928244a96942bbb25357727293dd6670e4df2b1113636b902589f265499b927b16400325dc6f9adf9bce189c265cd0bcee0272e82f778afe2bd96fe614a1412de8d6d86919e328cc4b399a645655f4a88176d2649ce8954e9961001566431254a7fcc3f7fa4122ba59a0969c94e27294249709cc107c1de1bb83bbc2dc5fb3ea90c41cc9e2ccdca15224295a24927808e92e0c79312856e9de22d91d3235acbc6272290894a49929ee67a105972ce74300accdd5d8f08d5252d3a2b662d4ba654a5a55900520849191b30219275667de29d3f0d9884e75cb2136bb7a0e50365805d11614327c4b6d4006ca461da103f8998dddb785bbbf83e11a359f8c2f68d2d4121cd879fa30d4c0eb9aa26d952087756a46e42740dccf90865f3e3d3a00e7a081874d9752c7cb10c9530882e44f538d629b5d513b39698a2826d9585b7764fced01aaa5216cb5a8d8b87ce790d80f38e6e5f18c5fed526753178366bf51afd27a32ea55c23054f38f39efc5da528f0ccc3e65e3a42944da42796657ff00e6d0b7fd509e98fef1b1e0def93ffc99e902a46ea1ea23a1509e31e7229e728da4cbb7173b74119ff4e9dfa65bf20751d0fce20f1063ff00d7f7ff008967c23d9fedff0033d292a31c3bc79b2682a41f0e57e598373b2adfe22597555b24b85a9f805120f2cabcc3da0c6b8775301bc2dc0e1bed3d08931b7314d93daf9c1bbc9615c5bc25bfd363fed87987e392e70394b11aa4ea3f7ea3da1bc39d72f0a798867d3be1e587119a5463acd11a2702d1304bc6e78ea22e0df430555687dda21555f281da31a1b18d628723185cb9a087d2379b9c07190271cbf30c60c35788bbd6812322c63f994721f684ff0010230cf103c645f96257986119c18ebbc48de048c8af2e179a6354e8e0b888d6e2011314cc0da249655b5adac67e5c2f32e4fde911bef493104dcc378c96b0efbc5ec126fed095d494b86f3809750a50bb41f3569506de17ae51168bc60082f72131b68efbb3a34489a6538b46c584c829b9033fdf310e062d52739334f8f2660c9674b3101981b0d3842f448bb41f4d2da17cdb1bf30066f8430e86a4b5789544e520aa65d0a0b49ca90c46f617e860ea6ab9ddf19ca987bcc991f2a5b2eacccdaf28825002f13ac8678518255051edd236aac3924c2bf8e590b19cf8c82ab2439480010c1c593ed1155bcc595a9b31672cda00341ae9bc2f5cc6203dcb917b96d48e22e22444d3003128e5619727ac70a5a9531334abf982c141816e16b11ca0c56213330515170ec6dbeb666f6844aac4a12573141091aa8d87fcf21788700c705505a9129499493942d4402b2d7cb2c0258712adf430b3aadd4dd37558966ffaa2c12a0ab901ec3676db9ed1122a890c49ba9efc6164e8ee54e3bc438540e049e61f78da690a4949bda160a3c9f08b3c075dda49124e554c758fc88056be1703e1ff0051039c29c47b5f3960264ca1287e65a9a62bd2d2d17dc95c63e60c5df83184d33e6e4097233e5a519a6292948d54b21291d49b794507b45884a98bff00bb26d775a925292da9483e25798483c613d65595ac296a3356cc14a24a53c83d92f7b2123d206ab1e0f11d6c12030e5cad7b926301ab646bc71f5f0a561feaf3f122a9ab482e4a94bbb16b791b003a7ac2a188cc5a8a50873afc4581e2c9d7d6265a153084d8721a373e30d6970a4a136d4ea6f73c05a15b391b739b9d05c41176a0a114d55154290596cfa84809076b105c427952f2163a7d62eea92a0347b07e7f3f9c57b1ca2be6f10fbf6826404702474dbeab93511cd601ddbafa0d61e5250380e9f372ff0027853d9a920d99cf37e1ca2de8f0243b6da06f4e3d4c06152e76f5318dca89bdb81ef21914a06a00be8df5d079c74a32c7c21e2298b2783728d08f4383c378bc9fb7f79e6b57e3e4fa7001f53cfedff3359af60deff3d223eedf6ebc22531a68e8269f127451387975b9f29f5b93fac8c4a0361e8236d12469a35000e822c493d4cd0836555b080e362299434b562bd2646346e322ee54c68d111b2621aaaa44b0eb501f33d040b3051665aa9634b2568db457aa7b508b8961cf9a8fa26c0c026baa26db216fea203f264868472788e35e105fd274b0f85657e58d7dff008968995684962a0e36173e8013102f111b24b7157841e9a9f68448a39ea0c16948b5921d8f9bc76ac254de25ad44db52079b371e108e4f12cedf94013ad87c1708fcd67ec2329d8990ff000a40f33cf70d0be7630027ff0014125838500dcc252cf034cc25093e24816b92c6fa5cec2f0b2b921ac07003eb08beb339eae63cba0c2838c63f5864c953a6101335641fcd9894df8b37b88654fe16cab9892dab900802e58713e5784583614b529d2b29e2c5be421b5461b664cc5a4b6ca5df96aded181f31b9dc66a98900fc918cac5a7d878660e164a87bebb687ac4e9c6520ff00310b47321c7b7ed15a952d72ce55a4be8ee43b733ac34a7a9760e40e0747d9ddda37c5e23a9c7c5dfd62f9bc2b4d979db47e23da6c4e5121a624f9b7fee00c1e2639b69eb15ca8a617cc841f26705f70e3da061432f54e7413ba4bb01c027903786c78c37fbd3f637126f001fec7fdc4b8d3aeee4690ee4cb965209223ce32add9150b1b3a8abd32ef73054ac42aa4fc7fcd468340781629006a37f582ff00aa60c84036bf5981f07d463048a6fa4b3574c485d844b33c496723a163e4763d5e2bc8c565a9895e527f58cbee6c47430cd33ec356f9c753d1917d26e728efc6d4eb5f588158b54534f54b3344e4822cb67623f526e08e3ed166c2f1744f412970a1f120b3a6f636d53cc79b18afe3d86a6600b96869b9866527c399275cdb6daeb0223099a141495e49880e148b92381240b711a4739865c2e6c5acece24c3abc6021a7f6fa7c475da6aaee532a7ef2e600068e958650e608f943f93390a485850c84660a7b656725fe71e735f3e6ce2f3140e51648b240d1c0e277fa468c832d0a198842db320160a63b816e5199d4d127b4d17c35d9541ea2138ee31fc4ace573250e10900f8880c6611cf67db58b6763fbc974e3bc601673a52354823f36ce4005869c7856bb3a8a7cc65cc4051201175303b8194b685f8c32abed0ca9612993e32000e49ca122c06625d6da063e71581948f318c9a9c6e08c08bccb54dac001248006a49603a9315ec571d52c6590edbcc1e1b6e10ed97fb8f903622af3ebd73d613e29ca2732500000586c2c96e3aff545968f054b0ef94923ff00b609c89eae5d5e65a00e7c99cedc038f794ba7c3a6a6d41e7d87f58a244c4849968017b9531c80eeea377eb789d34d6652894ec9dbc80fac5ad2948484a4a72b7c2030ff00688498c4812d05690c91f106f879f21f285b3683220df7bbfcfe274349e2983236c65dbed0228422ee5c5813d346dadc216a819aa6487d2e741d49b794192a8a6cf63642487ccae0780d4bfa43ca4c325a031f175fd86be6f1962d166ca3a7136d4789e9f1f17cc5b452128f080fc4fc449e3ab7cd87083420bfc0a76d58e9c1add6d0777a94d858700df48dff001638c7453c2c8ff74e6b78f0be13ef16aa530e1b3b90fcac7e40424c5e480351cf8f9bc5a66d5821ac4425ae9162c097e1b7efd632d4e872e35dc398ce9bc630673b186d3dbda058149090e0163a36f0e94a27531052d3e5481bfcb944b9ee07104f90201f9c747c3745e4aef7fcc7ed389e2be247507cb4fca3ef36d1b68c11a8eadce34db4634646da25c934d1a8dbc644b9264646131912e4991b0236046da2a5c478962734932e9e5a944382bca4807827627898588c0e74c5669a543a917ea1e2dd190964d279ad6ec4fc08ee1d69c22b1a81f262ba5c25280c529f4fac1d2a401b7944f18227e0317cc617c67503b0fda6c0401605fd1bda3814c0bebb6e5bd47ed1b31b11864f0d047a498ee0ff00e40e3feea03f4bbfda015d409b58027fb9f91b002295884939cf8b85f8c7a2a9632971ec1baf28aa62949e325f7d2de7a470f5389b13534efa67c5a9c5bf11b1fc7d61184d314a004b97d0f96acd0d453b967737ebd1b681b0b03287cae36b130e3bab025f9020b5fada0b1a9c8694730ddf1e24dd91a84066d125418803dfcc723c61554e1851f06650dc7e603886d47510fbbbd5c97f7f53b7211dff0002a6704dc6df76861bc3731ea04e7378d692e85fd6a22a3ac48b1259dafa8f70c60e64b384867d46a639abc242ae145278b03eb70e2219545352c2c43ea0d80e8442cfe1fa95e2ac4df178c6918125ba7b885f74156604791111ff00d3120ba54b4eba29c5ff00b87b41c84001a3a68eee0f0cc2894e031f9fe93cdeafc5f51972ee46da07403fce629aba1591f9667250ca5f425d3f1743684a6619658cb992946c18903ab8b18b9c958497294a87e953b1f468612e6d12c34d90b47342b327d0b3f42215d5681719dd8830fa723f6bb8c697c51db8cd47ebc1fe2a51e46235090f6989d9c07ff7258f3b88634185cfaaa89690532f3a5459654520a466ca72b12fd3d7487588603489419b26a0802fdd96f135c80921d2fc2392a427c492ee0306777e234e844738ea72142990dd7f9de7774da4c24f9b846d24751dbfa4ae993de4a953420a44c2bcb955986641caa0c4e64b11711cf76153112e62b2020f8887018160c3f31d069abc3b98926e433f476e1a406b90fab3bdb436bbbb7945794597af2638fb947a8f3ef049f408eea9d665ad138a089c1654419855a80ab0196c58379c4986767a6cf5e596035895a981483b717b680344e890a1fa54367886971254b9abf8994963dd826c0dac0391d2fc8c2d8d1d8f967efd3f999e7030e22ea6cfde59e4e194946929bcd98d74a4b25ffad42e7a7b40551519d599929e012000070110a541b5d6fbefbde3a0dc63d56934cb885eeb3f6fd2b81fe733c36a752f958d8afe7f5be4cccc6314b2773191b68728456e6818d9986359636044a125ce498d476446345c9398c8e9a31a24939101544f0274a0e1fc41bfb92e2ffe9d20e10baa2aa42fb9628cdde90b05f302090973a3e8c3d217d4350136c0b64f1183469a3b68c6862e63398925ca78951260ca6945a327c800e26898c933ac1b0bcf308586012feba47188e0ab96336a90efeac21f52cc661bb3434549132594ab421a39efab747dc7a47974aa52bbcf3968d810fb15c072ba926c07dfca11b47471665c82d4c43262643466a36d1b68c8381398c11d4684492646a371b7892a69a323236d12413b972897e0217d6d08582ccfc22c144afca444c9912ddda12d42e3ca0ae41623da67c985836334626ecb6180a9d69612cb14a87c45ac1b86e4e862d189520984148ea2cde5c221913768210923455a10c3a7f23a1e7de74353aa6d51b6e9ed177fd39048d9869c79c3aa5972ca0a4b0fa7081934854ad63a5d04c761e4636c99377568aa26ded10e2b878965c2c29c9e4d00439c4e8d4860ad5afd617ff0848b6ada6f0fe2c8368e623910eee041a30c4c241dc758e5528c6c18199ed3238e54ae0093c120a94766091a982294cb779895a86c9490973cd46e05b61025776e264acc8a59526520121c24ae629b7cc4861d613d56a9b10a55b3ee781fdfed1cd168ff0010dd7a7691cfecc564d69935a4201f0a49cca0fb902d988b5c867d239c36680f60e3e62126218dd74d49cf513486b80a60c039708b359a0b954d364264ae683fcd05409676fea1c5af7e5bc79d77766dd908b33dae890625d80547553543c09700ad61209048079b0b748eeb30e32e4ae612ca482a23c2599ec5f8b8dda14d6c9ce82972194140f33a3f116f2b458714526652a81725414372594f98b97e037e90aea753931d73c478258a0257ff0089ce5200cae9058dee7842aa1ed1ff000d354a08131659828903c3c58392e7da08a61dda4a8fe4961fabd87cbd627c370ea5992d32a79eea7ba8a272ae8528df22ff0048eadc8c60d954b92fcccb282b8fd327a4fc49a95a803269871796ad35d73d8f323687631bef9215ddc820efdd25df42ec7578a8633832e52ca5492950750d9c03f94bddc105c6beb1d767a7a90b328904299afa28dc1f303d408ede83c9dc389e7bc4b4993cbdc87a4b208d4751181755cb84661a3100b2c5f762e23bf9b32e04dc7a0a1f4b9e6b0616cce117a9bfb4d09a3314bdc0048bd81e7a7d624883bec9292a512c553142daa8960907f359adb46c4a98082a5243bf81be11b78b8b7ca14c1e208f43b92781f06b98e67f0ec98edba000593ee45d0934634646e3a339d3518d1cce9a122fc40ff71611dc4ef5211c5ce15a1b81656a5869c5c1f4315ac2147bc01445d6e40d9594826fa8fac582b24a168214acaab642017b5d595aeda38108a9268fe2504f89cac78831bfe6bd810def1cfcedfea8f8a8fe9c7fa67e659230080264f6a842736a9ca537d4f881d37cb686f43f1794381c107e227b0d8f9864945af13a0c70f1d24c2ac498e280210859787949536b98432618493c615cc81854df1b11cc331946794403ac53eba8572c0511624dfef48b7aa62482358e67ca96b48cc1d8e879c0e9f3361e3b499b08c9cf79478d4304e16b605a079f4c5263ac3229340ce59c6c0591208d18eb2c69a0ee04c8c8c68c689724c8e93308d2344469a27592112ead438467f1660768c681d8bed0b7b7bc2a5d711b030de92a1c388af086347500275631866c62ac09be1ca6f931d49985dde0b9b58a0c4e9093f8ce71322a126ca537284db15f244706615d63299892143c401238c2d9d5205d2c0c0159589b808bf17800ac98df169408b64d41e926c46b804a88b28ee7424e9ada0015614a989528954bb5ac0a8901279863b4432a955513bc2cd2a64b26fa0d54850e7610eb13a39595694fc730330f8942c1edb0e768f3fe25e29b32ec4e9dff007b9e9fc3bc2d5b0eec9d4fc7b8a89ebaac4b1a12a23c291af5bfc204229142d753156a7ad99db502c4e9a8d6378b6234f4caeee5c9ef262400a5294c8cc1bf28ba836c08d60ea7a94ae58581f15fa720efff0031359e2672286038ed1cf0cf0cc780b2dd9ee7fa42b05a09697a8a97ee65e8925d5366ea250035625ced7bd9e3bc4e6aea9456b233281ca3643174a7a38b9d493c1a11d6d4e563314c90e522f6dc94a7ded0e30e595c996b1c1c81a804923da396f91f8733a4a89bcf7fed05a4a92320282a39b2148d59f60e2e14188e716538fc8fe1ca92492030490413b006def015761e95a173a59208495a802ce537707f2aadaefbc1386f67f352554e50398add0a5801401014a709f08249d84066c832ad982ce31b05695e5c933952658d1494ce9a43e8a5297707404b00cee06d1d63323f9454350a7f524ff8827b3cacb92c1d52031cc4ad652b297583f081a240da24c6484cb32ee4a81d3504e8de778c7213e70510f091e5ee3f3fbdc0e8f102b9499654e12429292e4a4d80caa24148ddb4882b2946acc52e43155ae38bef7bbee1c58c2ba7494a836bcb99836a6b14a4e4e6cdc3943ea5f1b00bd2e52b23210451eff325a7c68a52730cc13a29f2961c6c7783704c6d3366caf028157780390c414b1620f1f68afd5ca39082c03339761bea2e3ca1e76670694a2499a952824252124d9bf36c5c987b55af7f25b1933978fc2f00ce322ad112d92f01409684283e5f8742030b370f9c26a9c26a264c3ddcd5397394e5b01a973760e065becd0de6158504e70cd6275f3837029643ac9cc4d81fe80da0e6412f1c8f0f191f2fa4d71cfd23be22e98f05b80dc8a045f32b52644d4ba66a5940dac0664ec6d6f482645329764a49e9176aba64cc627502c783ff00c40b474a506da08f658b56571807922788cba50d9491407b0942ed64a5c8940ad2cca49e20e420916b431a8a7525891650041e20de25fc459f257232809337f98cabf8015096b4e6d7e221d3cad16a932e529224820aa4a512d56f84e4040f4bb452eb1835b0eb2369559694f4945ab9e512e62c07294b81c48218733cb7d211604e5690cdfcb7e2e02c16b1d62d1dbefe5204b4148072a8a3f3328a85ed64963b8d37845d9a5a15594e8749cc99814cee0949210c346cbc223e6577dd2f1e22a857eb06c795365ad0af06454c4e521dd2400d9830706fb9d62c15eb32e44d99a142491d6df7e702f6d81efa64b70cd2d684f769fcd6d4977cc351b9bc198e2e57f0ca477c331084e873162090c3453458cbc311de4f2bf2eeed1bc9215948d1402879878995278456fb2f8b38974e4174a480b2ccacb7667705b96d161ce6095ae51150994982130089844762612c040b0309481272eed07a28811656f0125c44b2e6b464e09e9345aef329002083fe622a9c04ac02853717de214ac830ce557b240111bcc536860855614c227aac01494e64b9e23e709972883a10dc435ba708ba4aaf777d0c7138a09ccc0ecf1a63d5645e1c5cc9f4a8df94cabd1618a981446cde7d2209f4ca4920836e4d172935694e800e91d55a10b490e2fef05f8c60dc8e257e1176f06519a332c32a9a1ca581880d381b887464079891c644132c665898a39c72d07700891e58c6891a300897254e03c65e3a68db44b92a464469a2568d658924070d42a4cc9ca4a413302039d400386f78153593526602a2954cff00cc506591c12f64f40ed0e32c69487171f28e1e6f04c4e4b0620fda7a1c1ffc83363a565047de54676069ba9faeefcfac4b874beee5841d4076626c4df4d86f0df1a9204ab003c49d187e61b88554ea77014010e40bb39f8acc6dc8f48e36b34874dc31b9e8fc3b549ab439156b9e9049546a9b35e67c202c5acf99c387d00178734d4ea9595682720b285ce5f5d5311e1880025438924742ca032ea1a1bcb79649033235b5edd3eb1596bcaa318c6946e1d2e520a0a924a4b5c0d0bc5e30ca41fc17761240c8cdbe9a420ecfe092d652b3d58061e82d1794c9012c2d1c453b89a8b6bf38b083af59e2f2a5193512c644e44f7c851006675b2d009fcc185a3bc4249bad56b161b8fea3162c7b0e322a0ceca1492ed67297d5a144fa752fc53032764ee5b47e5ca08e5ba3ed51fc4032923bf32ab3e9adc1ddba580fde32a560a10003e170e4824937fa70865549775712c96e0353ebf280529053a5f892de41ace61a6ca5901f99698c6e207b4930da7fe2429294dd2c1571a90486b883697b2f393e3232047e7ce819473f1311d4f5841455d3a5aa6890a00a80739438d599ecfe47588154ab5ab34c51986c0a967313b339bb3718eb63d3a64c6092799cac9a8ce99481b687497b95852d6af1afc2c1fc4eb50e0025c049dcbc3e454b74e5f48f2b9f344a1e11e216b5b4e24696631d27b6f3c0c8e33598900967d54773fb439a55c3806d0399cdd7ae6cfea63d27ae0ad76894568315e153f4d3a3bf48c351d63a5f8606717f1004af76e921334cc428f895606e078124eb7673a683686dd88c4bc2a94c5d3e35a945cad6b240f24a5205e13f68e705109d594e6dfd00083fb3e0225956eb249e413e148f99f3805c5b9aa19c8025c1abf0e9657926cc993672d5de4ceec12a5acbe54dc5a5a4100342cecfcb40ab96a4dd666a939540009ca953e5539723cb48b64ec49432a654a2b985418a884cbd091e273a10fa6d149ce65cd195cf76b2413a95956651b1b5eccfa758075a30f1b6e12cdda796f3c4c2078532c6600e6f8cb26e59bede1763726612951481653004a9802972a2c03b9e81f7b185e31324f8c92924120eae5614a2389b581d8b6901d6aca96a98145ca9f35fa8b8d3fc45d89029b8d7025354ca1b9246afaa486ebb728bf4b916063ce7099b9664a5b164ad2a24eacf73cdc1d818bc7fd7e4861dea03f12de570d04a4d4a71cc755724102cdc6074340e9adcc3e20c6ee0863d08b470a9b04aa6a8c02c2e15df0768e82a15aa69782a5cc822952835ce4a8eb1d3b8710199aafb68da27a8687da34f2ccc06510b90b570312ce9ada92074785e672f8c73326a8d898af28df32fce15c42d3509dc93e5104eab3f94da0768de58d46351326cac649fc596bc44b53c492d81d1e3a9841d80e9162819082441488c6897bb8ceee0ec4cea44d18d12648cc912e5548da31a24288cc912e4a91b4634499233244b92a46d18d12658cca225c951563b296a944212143553ea00bd86e6da6b15b92410e0d8b731ed778bd04fdfdedfbc209dd9b5e6390a4a497015629e44805c0eafca38be2ba57cb4c82e7a5f03d763c20e3c868763ef22c0e658a774ddad749e1c61ccb430b1f09f50fb74f947586e069960951759b661a246c11e7b9d618d360ca3707ab0f0bf5fda3ceebef0284722c8e93d369b538b292c3800f53de58fb325212c3d22d00da11e0942102c03fdef0f01b472701eb393ac656c848959ed351b8cc2cd763a38e314e9eb3313a6549f88ee7884f1eb17cc6e882c5f6e7ac51ab6401e06533e9f4e51319b34275344f78b93d220c56a4225aa61b25232a1bd1c42ba79a929d5836c2f0dabe9d4b252a96a6d32b1ca0726d629f292525485850292411d0f38ecae9293d572c6a46ef4907893c9a9fe7956cc7e9fb41932b5fc2849254c030be6d8757de38c130a35056a414a52921372e747b246bed16fc37099724380ea662a3adf561b08ece974b919401c2fbce16bbc4316263ddbda2b9980ff00ddd79939ea0a5f36e08d12872cdc78f468add5f642a949cc9941f560b4667e776f731e8d9636131d56d26335380bafcb66f9fac0b069534c894672724cca0292487b581203b380ed05f7463b81b11a92841ca5945827cc807d05e37b28b16a0edf58871a9c1530800809395c867201255d2ed160c1a896a912d4188503b81f98876f78a6c804d94a25b38b936d86a796916245577346263874a094beeb24b0f530b636365a37990505934cc45095850398210b5128058804a6c5473073617115b984ad6a2c09725f4bdf47d59f58ed1560a821370552e5a5801e096334c3c895a9b9c6aa139c922621216c4153a5d83240fa4645ee6aa9b60951f093a6db9d3673a748270ec425cb901210f318decc3c4a3f9b421e399ef942540058cc48bf27b68f6d607c2e485158248600d87123e4d03df88756bccdcead53fc235d49b9ba4390341e3f68e264e510ce00f0daecf76f4f5bf083e7512437dd9f5b6ef0356d2e50181d3d60486a96a57b4b2f67d6f4e80762a1c887d53caff386b2a601ac41474c112d094d804a5b7d43927cc989c223a483d0019ca763bc913a2b1b46c2c71f9c4d2f0e514e6b0e44c0e65b441b4f78459c769de58c298344b51fca3efac749979746301e64bd8600131b0982d49cda903a011c99438c4dfef28a41b2c604c1a8a749d498c5ca40d0c5798217966071a20c16a4068e12a2348bdd215a91041e11c1105198ae311e58b0609120cb1d0947568932c6d8c4b92a46a92cd77f28da5097bbfa0fde3bcb1b63109960092e69635406fbd6fac413b213e0491cb6f68e84a3ab168ddf898115ef08f3da6b2805fbbf224b475fc411a253d1a36507778d0951560f59614f69c3e62e40f2899127944f4f4a4ed1d56a8cb395201533eb603ebd216d4eaf1e04dcc6847749a37caf40416b25327cc3c1747549294203b03a5fd0f11112539d04a9c310e90c07aef0ef08a74243b024b75e91e13c4f538f539fcc406be67abc6a3069f630b20f68d284003fe60dcf100078b4485f94669c2d4e63f26e43512c1178aee2548ca72330e1b7fcc3d9b38855ec9e36680ab94f701252da9f93c2cdd788d69d8a995aeedf33060fa6ed1e7bdb4a728aa2407ef109579dd24f9e578f41c46624a82929cadae52fd0c26ed4512e77f0c112caa6a84c63a58652cfb3019a3d1e9b5fe769bca2395039f786747e5e719ae81ebf128fd9aaa553cf055f04cf0af97e95791f6263d132c5265e19326896b4a1450b9a65e64a7314e52ca70032537f3bde2ed87d1aa5ca4214bcea486ccccfc373a0b794777c33264da4309c2f18c58f78653cf798d18d13e48ccb1d5dd38b520cb0a31f041410ef7de1f041847da150cc90f74be603faae907c846791ad66b847ae5729926e486f12dcf12544fb13ed1cf686a3c14d2dfc225aa6a87f695041f63eb13532036e0e659d9878bfcb69091756ef989642728b7e504b25bcceb099342bde3e00637ed1b5150292b4a89b2250558870a52490e352e4bb8813179459256c58733a97d35d20aaa9ff000b124992029ed9b85c7582fb4739027394a420139ac48206be124bb968840a9567741a8663a129492eda1dc24a9041b6911e1044b9833123bc1953aecbb6c381f482e8660cd64a40caa052c1c3877072fc2fb188500295e2cc0a746362006097db472dfe20bb0951855a3c439122ce74d203c415a7f967e5a5acdc5e3255429694ea7e2736b8078b46ab8e9e7c3f68b63c4a51465a30aac44d40c87e1012a0750406f376b1834a6cfb718a5d0e20a949594d89000b0b12a0eb2fc03b75e90163138cd9ca98a39924a822c40eec384102d76d79c69e7fa7a7330fc35b75e27a15f8c6658ea54b64a40d025205df41ef1de586034588ed26631beecb685a0d5a54d721bc8c6b283bf942fe64df640b2c60105ae40d8c62100708bde24f2cc16fa46cc92da41a4a23b4292cd03e67c4318fe6072e909de3b93477650b41699c046d53f34667234318966228e5804312fbc43ff4e4e62331fbe3120a9688975377810cf708a291d20eaa657e936e178965d203a822244556f1b54f832ed03609c2a8599ae39ebe91ccd929e3e8989d152746b41089055f97581f308eb0bcb07a45aa5ab406d11841de18ae8143631b974c7845f9ab20c249e646005019c92d13caa795b83eb12a69cf0f680a64f4939544f0ca9773cc9e1ca39baef104d32f3767da7474ba3390f4e075e2715f5d2d0a6969b6e5477e400db58e29a933284c592adc0d1f869b449329e44b52331529dec059f8187870f2af1a54525ac0b308f279f5797527926a7697cac0a020abeffe7313cd073252a01ddf28770367686895aae58b0d1206a63b994a10ca51055c425dcf1d6253333333a4f95fca31f2e8d1e266d937014389ba75950f186e5789a6060ee5b84405d37240eac3dcb4749ab4ff00f7504f0cc3f783db62ae2ed57359d6a3a7879c0d5d24a814d929fbd20dbb02efd2c3db58e57302aca163a40942212b106c4aecfc1539559577dc13ec638a62b9794a1d2ad082eb4b74fda184ea2480512c5d5bf588e5a7f875665cc64817394e5fdfd222ef5360c77cddc94c6fe24431197f04d4a50c5f3203053dcb8daf1dcda49443a4a98e9606dd60ca8a6935294cd0a17700863788e8b07cbf14c2790263b1a5f16c98787e673f3e9b0655b1c1ee22b994806f102a53430aaa74953a26a92df12771eb1cc89654804ebe8f1dad178b2ea18a01cf59ced4786f969bc18bd12c92c3efac23c73f851304b9ab9a49249524246436164b3a89d1d4fa43ac6a71932cac162ec2cf723e8d140c49eeb77d2efaf3e71d27c97114c2419d4aee6e94f7a92ea502aeed40dec180d0b5e2b0b94a2660ca5c836d5f43c3e50f905c02fa805b9f381eb25dc2d3aa4faff88c19ac461576c29144b5aa52807010ca24a6c6da8371a708d56cb3316ebca925398e9bd825d29fa473452e6776b056cee58126ef6d74eb04d2ce24250a5dc28b27f2e8c19cdfa69ce279b214ae66f08a729334972084e52525c3248201b664bb1b68fa4462494662ab00a05c3a835dfc9e0ca69932492ceece004cb2c490e4eac9fac77884dcc729962e2e7204b1cdb901b9dd9ddde0c3ad7581b5afa453216b032657b9208d082ec7fe626a850d7ab7a581b4093f324bd8816706c770cdbc6e72dfe1b966d9873d38c56fb150f61bb9c4b2fb6bf7ca326ab3849163e2b7fa4de372c656b83c6da31f78e25483356a44b4a8a81514a5eea4b17627f336dbed17c49444f51a795e041bfc29dbfa44745103e0f8822624212a75a1280a45f325865b837d41107904711eb0c063126512568c08e706e4977e3f58e55252ff0017b4603209af9660a65c6ccb0dbc4aa963f508d641fa8758bdd26d3ed20ca2332c10103883eb13269feda28e4a9063260499512269a19228d839b0e70452c804bb473f2f8ae05076b0b1da369a524598bc50711f58e914a83b97e907d600fe25b3e821695673940520df2922c7fc47117c6f2efb6aaf61d67417458cafcced34c81a9fa474809b585a3b969751414dc01e23a2b476119fc4c94e6013a711a9e02377f1bb3e906be60ae8476eb36652356bc4d2d41d842ea709578945484e6005f5fd844d5588896acacff5e91965f1962b4ab466aba1a6a1cfe90a5d700acbabf2859371e4a661491a167de2613e63152650e6e413ce0297364cc5649b23228e8435cc721b3e573b9893fac7b1e145bb5e3bd1170b5e3082729ccc46ac48f48d5653a90c65940433a89e3d4eb12ccc4149b4b4a08166773cde3a95244d2ea607f321df4d0b406425b9637f5943d1c8143f79bc216164f7bddaca7c492350ff007ac775556b3c528259f4d3946d58914ac8eed902cfa3f48e3be1378b7e922d6e6207a7481b496dc57892958395b40234a9cd64ebc4ede51a972b2817d4fb6ed1d4c6100f948343ac0622e874814e95b9249bdcdfe7a0e90aa6c95701e5a79728776bc2bc7b15974c8cea0147f2a79b6bca1828cd5b0451b9e0980a67ae53a92a206ec5d3e61da1fe115c27784b098de44711c3a47985456ccaa2573144a413e17b0e40691261f56b92b494acb03c5db811d39d8e91a8c55f9a5a3d1a067af89591af155fc419b9a5f741cbb1206ad987ed077fdad4776e6eb6b82193fdce6cdcb58a3d61358a33264e32a4b9f1250a5cc9a4100a65a05800ece6cfa031aa630c7d3c09a6f3775ccb2765d594cb428b26759b70a092a0a6dac08f48b84ba54a0120936d753ed08fb358051cb026532bbc2d94cc5af32b624107e0760e1931615b238b1f6eb0391289e259766efd6265e172f305a96a009ba49173cc88824cc299812a6c8783b246d786299128936248bb7f881ca4cc4b26594806da31ebc632c794e360cbda33bb70dafc8f989bb6f4a0a24a52af896a248bd825869fdd14ac6a93280902fa9e8de11f663d167c95a03653adc80e0fed1dceeca4b9975294907516f40fa4767178b12deb58ae4d2e355e0cf1995288041d3e4787a4713a5a98f2fb78f67a2ec7524a5153198360a6207b5e19556174d392ca92855985803d1c0b4687c5b18e2a2fe409e3b224ba5c3dd8786ef6dac4bdf686583f6726cd505da5a01b2964a5edf946aced174a4ec6cb96acc8272877412e0700fd6089884cb58cc01203952aec3661a0785b378a1e364631e951beb2bf47d9198a9a2e8290cf3354a831d06e5e0cc63b2f33bb5a9044cf0b59dc8bd9b93f182e5e36bcf98964fe9605f972eb062f160a96552d90a700bb13f77d614ffa967dc09e9376d0b21e9d6799a7b3f52b2c244c2da785affaafb41b4dd91a857fe59043d94406e978f46a55ad60a4cd199ae402e075d238a6c312953f7eeafbd9e356f16ca7a010460c6a4eeebf433ce711ecb4e4273b050fe95025fa0842252d0acc91956936d75e1d38c7b7cda45a95a86b310cefc0f1115ded576712506764cab046609b820fe6021ad178a3960320ff0089865c18d87a78329584e2a65ceccb2a212028116796bd02bf524176e917d96428020e604383ab8e31e7d89a0841962e97716f10e2c417caf7bf18b676302cd2a4adcf89612ffa41b47a3c79438b9c7cd84a1e63f124708cee87082d3200d8c6c4bfe9301be56c3041287011da65414257f4982245303b181394084b8c930593220bad5a24a3314b800927a027e620a4cb488438862e2648a84e4caa43a58906cab215e97e51e735dae6ccfb10f03afd67474da7f8864ea84cc96998a702de1ddcec601aaaa5a80398a12e40006dc4c45802664c414a89396c1dae08043b58b3ebf5860a96658f1a7325fafd88e29c455889d450a86bbfb41c507812a5cdb02eeda8e1054b44c5366225a3403f31e1d239c25535731ca5d1cd987483717ee50cb9ca6e03f602355c0722d89964760fb4f5f8ff003aceb21b3a6e9f84d89d2e44083090972a254fb160dccc23c5bb4324cd9665cd4f852a67774a98bb86d3470fedaf54bdad97e11396e15ab208283e5e1523a171bbdcc69e41e92826551c03fd634a8a49735012ea201d8b7992ccf10d460e07890acc400c0dcb7110555d277a0292b011b35dfce3521d018127ef48caa8d34d51980f4b7e9134b94a524e704a5db2a4017dc93bc401290e5893a07376e5ce1b4fa824281604ee033ff9816829d248513a4018da3d025bf683d0c850f104177dfe661ace42654b5ccbe6373a8f21cba47756852ee95e54c0f5d28f7452332c962e376db5d79450ab8be5c85c5c5184f6812a584cf025851290a26c950d12b7d017707ca2db229021fc4eff00768f30c4f07ad984a64d24c08772a5f7692adb452830f586b85e2d554b925ce4ad0ec94a660cc9246c85e6d59fc39bca1b7c03f30881ccd7d7887f6bf169826f712010a484954c21c2737e5d5816d5c4556abb43572ec6725446c4023d1afc36f3865da3a92a9ea097257954c39801bccda1463c8448a89548b9692b5a02e614b928074caa6fe673603d2f1ae9b0961b944c89663423cc37b57de86530531fb68a8f6d71452e62524d920ffc8f2875d95c21254a5dca5272bf13caf72db738738d6032e68f12328f7ebc60cb857fa4ceabaca9515326552f7f3dc20a985f2b9700848d56a0f70239afa320a55266052549ce1b3301c159ae0f372fb5a2c7514a0ca4ca5949422e90b485a5278ebac1187e040ac2a6cc2b48d109012871a3b393eadca08e5c55e906e18db05a4c2d536404cc70a6f9edc86d13d3d5a1327228a25a9232e54820206890090c4b369ac3954d0e46de9152ed953019268365e64101aeb6d0936ba46bfd30ae97d790a3778e63cd4a5ab9ef354f8aae44d1364966194a5814a92ee42ed98a890ef6236b47a0e1fda593352141d8d88fd2a1f124f0223c76528a4a85804d882ec0eb663e1e30c28f10ee660582f2d5658e03f5f91bf48ede4d2a3f062de659b9ed52e72087410a7b121a219c82141598801a2954b5ea429d2af2d8f2b45d304c5a5ce194fc6d60771c8efa472f268887da0cd41a1b84224ccccb72bb3365fbde3ac465ab54b9007c3c638aa9484fe5047bc649ae046dd37859cfa76b7590037b94457329a6aec0e53b6df289a5534c432a6cc609e4038daf13aa65f54a0713138eed6322885e9ac2e36cd9b235557db9fde4726b10a4e649602e743114f92858cd30272d940bd8f0789e761b2b529600681c3f2b406aab4adb384a50f606eed05b368e4fe901393697fe7f590264a16a0d242c0b660001f3bb41670f92c51e10a3ae5b180aab10414819cea5822d6e70b7be4858273a87027ede2ab98d2e2c8fee2a37561e65ac212484aaefc481f096da01efd0266558018b787487d4f3d334008374b283fca00c43042a9a99896170540e9e51a32700899e2ca371190d1afbce93e19aa41f80a4149ddf97130c73a726552814a8650fcc42dc4410a0109066a7c453aba5459444755082a504cc4f875435aedbf388bb90f1c4c480f46e5131cecbd44bcd925ae6dce4cac4007757003a45a3b3f4592929d22ed2c39e2a24951f587426ab4e81bea3cb683114c9ca03870348ed787ebcb3ed6f68aea7158914b63c239a842424a8e83ac566b8948f0cc0347bdfdb483d1de2e91923329dba8e3ce113e2b99908e2fde367408b4d7c5c9e9aad254c07bed0e10472e31549325525813e3591e4db03167949704900386bb6dc794638b5f99490493fd256a70634a29d3f9824eab082557750f261a421c7834b043789b3f426cfc9f8c34c469e5cc39ccd0100016e2384414ddca478144df7fbd21447dafba318c00a0a837f49cf627144cd4ce942ca94b015c08ca3c4393b8f28695295a8302e23cb6b264ca0ad33251f0a892c745cb597293fbecd1e91856308a89285d3fc2490b05b3215ba55c0eefbc37a8c5c075e8673f0ea4be421bf35c270ea39a4f889481a01148ede2a6ce9fdcca054a2c84805aee6efb0b3fdb47a2c95330cd14ec6c4c9354a5c940515209f1680037b8bdddbce2f4f560011dc193d4cc7db89e7955d8dc4a5254a294a9802596092397130aa4e2ca60ee08b1076e20fef1e9d53da35044b793333cc4e6c8f9723ea159afb708f35ed18067778800266070c77df606ffe63ab40f512c3b0360f32e3d85ed2944c12d65e52cb37e851e1f511e8f3e9c03981ff0031e0982cf6531e368f73c067f7d4b2944b9ca01ea2c7e51cad5a05318d4a808b9877e0ce5787a4870a7305d2d3252804b0781ea65b331cac4708931841500376b084eef98b9666214b483109a808212a3ca354c01480e6209585a92334c2003b417269ec58bc5106687605a06e4e8a9bb04bfca09a9a59731052a48296b837d2e0f281e9e404ebae968831cc565d32520fc535689484f152ede4c1c93e5b88d5031113ca17b445330c0af1060a6d487e9b8f51004ec096af14e9be1d32a1c137d0ac92af28b1d555a2500090c9ded150adc5975b3932a41212924aa66c96b586f78db112538315360d4734950895e09694802c00fca396be7016318ba520952be4fe5bc56e6f62ebf315a6a029ff002e637e99b484f5585542579664a999b902a1d5d3fbc321780374a005cd62bda1379682c4fc5be5dc0278f2869d9caaac14a16919ee400a70b50d881b8fda27c1bb14a713a78ca977083aa8f3e5ef0dabaa0a95dcca62b234d9091f995c072de2db681b544224334aaffd567ad673ba3ff6bf0b687ac379730d4d34c94a2014b2c1e682efd2d7be9134fc1e580b2877525409249ce5be26d125f869a443d9a414aae19fe2047a83c6306c8a3d4bd4465011c4accc5874e62c5d2025240e0e0923c5e172098866d482a525ca83b5926dd5b7d9ed781e4d429d6874e696b5cb0a57e804e51a5c0b8f682255410909b6448290a7ba985d4940b873a9d34bc77eee2c258307affe52524b94f87a81607d3e5160a09e4b87e62fa18a46133d1de776950214ec333971a3917bf38b75229aff007d787ac21aa3cf11dd3d5732e586e35de8c8bf8c0b1fd407c8c4d2d665970228787e22eb394b65218eba6bcd9e3d170e58a894260b12e0f252758e767c2776e861957af4338ae9699c80a09b9b6ad09f1ea49b2a927196fde64252a49d00f888e6d0e6a66a9032b38d1dda3b48cc87ca40d140fe606c5c46294afea1212c13683c4a3f67719985082852a6a54332a5a9454411f1645aae0f2723a18b752c81519543e0bbb6c45882362fa88f379f4e68aa974eec92acf295b31b82d169c33164cacb351696a64d40366513953300d9409bee46ba47573e95322f98bc4c31e565e04b1a2813255e10093ba8edc8447329a592b2a401d1771cdb61e712d6482b2f671f61a3893468372a507d77fb11c6b3d234adfee2c6ff00584e085291763ab1036e660efe3d254c74d8ed0af19aa4c8421290095ad2848d039e2440d495d9fc2d9542e1bf30f9bf11f38db664d975622e42bb127bc7b513d091deb66ca957883380351ed10d1d6a66244c47c27dbca21456258a540104e5b0dcf18dd2d2a2592841370084ec0728c1f213cc1d8141b06e6620939d0a00904b1e4763116295065282949cc921b35ec7705b8c384a46563bc4345212a46427301abdd88865710620773286503af412934b46a9a7bc98425049751fa438992c2a5a64c89999be2bb5bea227aac382a52195e14024b6ed72de90828969ce9533072c390fac2cc39a9d40de70241fcbdab8f8fd65aa96844b40be6500c09d89ff003086ba6cc333bb5cce0ed6001e30d66d628a12b48190d8f178aee2a9214951dc799eb1401132d2212e4b75e6192b08cf3823e1969b9e2ae7e70d29d14f3261194809d4bb0246cd02614d2a52662dd5314e45fe106d1cd002bcc1365053f5104383c09326e6bb3c0e07f53167e28532552e5ce03e0225b01a859196fb5ecfce29182e2b329669282e1c05a0164a9b50f94dc718f649d8724ca299c33660c4302db8f3043bf28f2a560caa39c51340527ff294c72cc725c97b6603e21cdf4bc74f13da94c9d679cd561619064c67f59e978555a26213365df307bec770625c512400a4b036049d81b93eb14bc2f1954b5320867f82cdf2787f8976a64cb963bc0a7507094dcf902c5df85e1318cae41423a9ab5e0bf58965e2c7bd98b98a94a770322c2c100b24696b08a4f6ae789ae02425ae18086988e288652c2271621273ab314a99f21751ca5b6db763685d4d40aa9524ac144b70fc487f68ea135cce92d32f12bd4492179480ec1f959f58f7deca615dd489572f901239aae7e71e3fdafec34fa2593294174e545492c4280770855b6d35beb163c07f1126225a9131ac919156b6da0f887dbc61a9c61f9064dd93362089c73dfbfd3e92ef88d4cb92b2a5ac2886f0037bf1bc2dacfc46a79597320dd413f1004713c0b758ade0f28627356a2b225a0a4ac81e298a513e10d648b5fac7a2270aa79728cb4c896942eea4042402599c81bb6f0a854c44930738c6a029b63f5e24385e2d4f57f02dc8be5218b710371ce095d284a981d768a82bb27dd4c1329e6aa531b248cc12fc082081c9da2d22a3c290b2ea003ac5afc4460fe59fcb29d0291e59b1ed3b5a3bb651dac37f6e3142c7d4aadc529e48d2434d51b302eec46ecc079b68f168adae2a5b9b000b0e403faf18aaf63d5ff7daa25f39caa764e9e1372901c93c1d9af0de04a5661d403f798ea2d1016ea64f8ee15366ad402b7535fef8c15494ff00c2a12897294a4900ad60a492afedf89ba7bc359f37c65b8fce06a89acfeb088c84002b88913cd4d271c969f88ac72c931fd32c693da30a3fcba7a95fff00d5907fba69481d5e0655591b91d0c29c56b736e4f5261ec5952ba183c4331dc4e6cc19573132258d5329426ce572ced925732337584922b5091ddca4e4412e6e54a51fd4b59bacfca17d4cc2436dc20490a62d1a3e42568749ae1add2da89ae9f28dcb17077e3d1bf785d48ab43095b5e39cfc4e8d5f33cdabe5ff00df2a11620cc583d19cdf680a555291e1cd96e5272dc8092ffe94df51064f985559394d6cf31dba14bfdbc0335297539ca1ec770e9e1b8259e3d263fc83f4fe273bfde638a49e0a91333a80ce90d953a7e5b00f6e3f48b2e23576c887e65f6e00f99bc5150b51b283654824ea007f0163655d83f0f58b90ba417d87b8d62140cf6668ce552848a8aa0215ccb47a27622afc53253fc402d21f7162ded1e675162e22cfd96c4724d94bdc163cd2ab11f585f538f8b8585b70a9e955892a00b5d3a88e654b5036d0fa08344c4ab5f67890cb4a416d4f94728a03661f99428894bedff67cd45395a13fcd92ea4e5f8949fcc80373671ce28f81e201403b31191436cccc15e63e51eca17c414df8fd63c7fb63847f015a54cd4b50e416f8492e53fe9578ba474b4396c6c993f06e5f7b275aa5d3776af8e49eecf12967967d2de509fb67db79740a420a4ad4b49500183707eb0ae8bb509a0519ab4e72b9593222ea99312af8cf268f33ed254cdafa8993ce6cc7e1965246540d1286d401143408d94b37e584d9594509e9143db64622640ca65ae5ce0a50d5d2ce18f1f0c335e25929cce49f80e6e36ce0148ea091140ec050ae512a293de4c74a12410a40d14a62d721b7d22dd3297bc5cac324b12a21750a497ca94dca49d3af320436b8511180e933de783de5bb112aeeb320b141cc471107e035c66253983920fa4098d4f642a59043eadc3611260324a656602f959bab5e3cd91c4ea3a8f2893fa4b0a1432bbee2004ca32ea4e41e1989cc7838b18558ae28cb4c84abc490eae648b086d47545d2958721203f321cc688d55f48af92c8bbbdeff6f79ce0d4ea121282c140174eac0bead0a644bfe6e45a1d9c69a8d8c4b5758652c542196923c43caf0721656b97392184c4900f070e09823b5d6c75135b64b63d1bf4a3ed375f4a89722c7c2540df678abd65377935dcb11c741c445c0d015ca5cb5af35dc1666fb315a9865a545892a4db80f281ca2883536d164eb5d7fbc91292424212aca90cfb79c1f266e46c9afa931ba0aefe5a9c009d001b9e31cc943a4a86af7e919b7041129989b0c2a3f9b94a119d572dc9fca03c4a44a98832172f324ea3463c41d88e223aaeac0812c657246fa8b40c8595f880d4dda1acd9a8f1d78fafef105c562cf4948c43b293a9a60521e74977cc3e3471ce902e1bf32479081e751aa6d484a1d2c949cc2e52156646d9c8b03b6b1e974ea2d7d386be709e824a7bd9b3123c016a4a4f1507cedfd2924a4712fa35cf1bb648bfe1d777c44751d9712d2658b8696a48d82dd7980e571f32e4bc29952f21636235e51e828f117303623325a0151097d9c0f524ec21a7036ce963729c48b0fc650a4250b23310c01fccda1f380aabb334330294ba746625cb152493bfc3f28a36298be75170f7d331b8fd4a03db936d077673b4d352b089833cb7d1838e8472da16385eb78339dff50c432ec1627a0c84a65cb025a6ed6603a0f61194f3545b3863d608a9af4840eef7008e86174892a5137d639f938ef71f416a4913c9fb79da8ac95894d9699be096a41421810c520decfd5bca3ba6ed4cd284ad1326053663294a5160e7c49331cad0431b5b5e5173c47b0a9aaaf97513b2aa54b432d2ff00f88b04e5047e900df8e9c61bf6a70293512f2ad2c40f02d22e83c9b6e29d088f438131e4c6bc768b167463465528b1bef90556048b70040629f97ac26a3c55526a3bcd0061303921480d95459c90385adbc290174d3152a6784e85b40a02ca4f104687ca353882731034e4473b702cff0066344c0109ae86564cbe62d19e9d5b352c26a4ba0805c6994dc2ba718e2628293af31ff3148ecd63e649eed4a065294d7fc8a502e121cb4be7c61bd6542e9d5e0f14a55d3fd3fd20f08e3ea74a51b8e9da2d5ef099b2164b00f1cffd0e62ae6d1ba7ed0a1af63cfeef13cfed2a46978c5778e24904aeccbfc4a2dca01adc1a4a14f9d42327768261d187ded0926d4e653a94f1aaabf73094f31d49006f61a9e5122aa58295b004fa078509adcda061ee79f2813b4159964640482bb5b86f003097700c7ce4f4932b54731ccc5e84dc75528923d07ac40b24bb004950487dcb337f75dc4194a802593a1512dbd80d34d39c007e17ca6e4949bb103e23afc49670db47a11f96209d6e4eaa8cdf087010cab061702fd38c5b12a642090c59362793316314ace964b8b800136170a7258d964a4f58bbd00ef28d2ac8a7f1a6c1c0ca4ee4e834b97f48cddc27266fb378e20158dfb0ff0031d61b5f915cb481d69bdf4e45cfec3ca3ac36784cc0e031e373ebf580cd916a678890d3da7b38aef65256a2430cadc5b427ab4195b365ad4332b2b69ce05eccce42a48284a53b2920000286fe7af9c755147994e0b5ee0fddc4717237b748f2805bd46be64d4f254b5b67052394138e50499f28ca9a90b41d8dd88d143811c7fcc6e5cf4200090399100e27883209b0770efe561bf483c468ed4eb01817367a4f2fadc1532960905659080589ca55a07dc93a005cfa404894972a48bdc0e20dd241e0410cd176ac992ea32a4b1c8cb0e0b050197324ea5c6d705a11625d9c98009a80f99656b2a395cab5512b6249d9847715c00031e62eca49b1d2572b7062bf1a733a5994959b372d35e863d0bf0a69d49a45cd4a7f9ab98b42e61d5590f85b80bbf53bc56aab011916508cc552c201390f76779bde2959b30dae1bd41f52c2b2c8912a4cb072a5200d0e6b39538b5cdfce30d6b818eac8bf694aa49e05c478f15fc4a1704727e9075454aa4522d60329acdc550c4d31984129b3dc7d4718615748954b286b10cd1c2d84fe91d7d40daa844f37972499827310a5072e77d090db45e254a004b98a7709cbfe62ad4f43373f76a0182802b0ee425db90b708b64aaa9642412c2ecfc844706e31acc9baa87fea56aa1132a190065405588d0274222c9352184b7fe5e50036cdbbc2ea59604beec1b9254ff00dbbf4780710ac522584e6198b921efeb1031ae20b29cac1578a3c7f7964a6965972c12cc32a8dded7e8fc22ab5d842e52cbbe57b2b91e30cfb3152a5212a512482b70efebe50cf169dfc952982af6e506c772d4cb13be0cbb4737d628c3a5a541490e32873ce27935610c013ade374d2932a50592ea5b81b6b027769be7203073d0c60d626e76b96be97ff0007ef26ababef56000ea0ed04484abe176b396fbd614d054b4d1943825bcb888b1250908294dcbb9e26241cc3cba503882e255499525576771adcb8d5f63d2f096576b2480996f2d00001208c896d8021d23cdbd639ed7524d994ff00ca492a9673640eea1bb35cab80de3ca457107c60b0502acc92e0eadc6edbc3fa5c7b9490672b3e67c4f5573db693109412eb5df5d2dd010e3eb146edae3b9b32104b8d829986c09f304b1b9b429afed13a7303b6d660d6e87f68a94fadcea25c757e37b93adf58671e276fcdd2679355bc50ef25a7aefe682a559446ba6b7773ef1e995b4d2d284e54a46e0b0d362fcefe514395d9954e42d521626a521d6e912f2a9b4f11653df4bf11c7d128f02284c892a256812d2ea3c5203a57b817b03d0f08bd491c11146d2b2db1e90bc0ab04d4800dd366fa82d78b1a99c2012081a816314b9d5abef8a524809b001826dc83b1f38bad22c9483a7841b9e3ee239e3106ca17de7570e476c40b76924d98121859bdb9c29ad9eff7f6609ac9fb0e3d3c9a14d4aedbfdfbc7a4c09422d99a577b538326a12741312084a8db5be53c9c5b818a0c99ebcaa0432d1620eb6b2837562fd63d0eba71f2fbf3f28a963f21c89a801ec176b9720025fe2e0fc20dd41e6678d8f489e6b1f101a060f71adc03a7368678563a02552e69fe51500039265aae54a480fe1f41ef0a8cc0436ba9bbbf480a728a92c0b2c9370da10dff003c6306c61c5309a996d9b280dc106e08b8503a2872310ae5f026135062cc920821094a328e07365f0b6a92c5f9c39915095380a0e1dc7ded1cecba764e7a881069893c49880c1d3d3014c3190b973a973b2c2cc496545cde18043880a6a5cb7afd073d236c49eae211635523ab5e54001ec0f9dac473f4856a207832dc81f98784eecc4d88fbda0ec48fe5d6c14412d6b009b6cf78065af53f112f98e8e4b164b6841dfeb1d296a24b879651558800ea72d9600f086d5cfb45e7b2f38228ea46812b04dc1b9400cdcb28bbdf93451e5cc673aa880eec7f2905bd01e50eb0798c854b7b2b293fe97035feedbf7853549bd2be9fcc611b60b9d3bf527fcc6a649de35308cc13bebe5071b86208f2f7e90bc505cbf7e1bd6e6f09365a7ff5237f305a2c38af6869e9a62652e684cc5070962a1d4900e516de28ff00870950999be19728954c516012929b26fa1fa5e3cdb1c9f36a2ae6652a9a54b504e505454331666d6030e9bcc620f1f3196c800067d1b2ea254f95dea1695246e8b83f7c628b8a624664cb97bd80bdb9439ec0f67a6d2e1d9263898acd314977ca48b24736176de2a92657f33c259609014c0b1d8b1b1d2f1be95103b57ef23312a25df04c38cb92b9aa48ccce9078b73db9457a6e30490165d89f88824971e2e5c2ed0ce6768661909ef1191653e2487605d9c6e016763a3b451ea6792a24712618c42f984fe91cf79695e3329016a5b6562fd1b50763bf96b0dfb3589209ee8aac4b86363c7a022fd63cd44e62eb208dc1df7b8ded13762aaa6af104840f0f786629297212848bb72761e707a850e8774cd0d4f65aaa8280e858fed2c5c727d219d2cccc905de17d5c896bb280059c68f0b9089929d4856646fb69d63cfae40adf13718c645aba3fe7785e3d2086526e5df2e834db8c26555accb96a66512a2db80cda432c75e64996a72140850500f1c4aab41f1280240671bc5642bd409be0dc1058ba91499608ceb20300e36b680c20c4a49993932e510a70f676277bc138dca98c465510562dcb5783f0ac353272cd502177ca93b733e5148a7a98d06f2c6f079ec21f4743dc4912c303aa8e97dfc84661b52a620b654dc1e2216545619ab6bb03ebfe219ca49002487cc0bb6c9e1004f37307c6557d7c93cceaaf22e5a55e6033efb0e315ec5c9706e09171e7bf38b5ad1965e44062cc984b3b04255e355b7dcc1641cdc2d2655436c675d99a6692b9a407be526f6e423492a5ab3024247e6d1cf2893bf2a5265a12529166e913e274e404b5b6b4031bfd259627212dd5bec27722ac24b10e0efce293f8874a92513329f134b24339fd24920b35c598f368bb50c84652170bfb458777925694a98b3a4eac470e6d682d3e4d8e0c4f538c3a90bd67912e850d994b092ed946a4020072d73bbb340a9c34174a533262dc8484824bb5bc2973cecfe50e6ba4cb432722f3381fcc26c1ef760343d7887d47973e622e85282924a494f805ddfc5a105858eada47715ac71384386a3d21586e0f3d214a5a4a024a579560a42941400f0bf8dc5d9b4b930d70fed14e25b33ad4a2a5a957f0a6c1284bb01ccff980f0ca85079b3cff00280002a6153295c258cce5f97a88b1e03330c9aa7ee1285f098a52d246be12a25292fb1f58c3266001dc0cede12360db75f30ba5a02b5d9c27551ea1f2a78a8837d8345912af0b797a0b37a6f1ca882004a58016e00701cba4772d2c9f33bc29a360f9eccd9c52406a78ebe9a7cf58595d31bd20d9aa0fcdfeae215560b5be9b47a65e04e33f2d13d7cfd61055cd7707420dbef7de1b572b78415a59ce83e7fe2dbc51962249c8cbcb2fdbf3777f3815532edb9d0f4bfca0dc4a5e6489843e5b1bd99ec6fa91f2827b39d94a8ad0a988cb2e525c19b31c249e080012a57a73318bbaa8b63426c0df4899094f85d564b85278e55666bec7503ac172ab41be6ba965286b1cafc7f4b31bbde1bd67626a258fe5cb9539944ba141c85062e16cae61b4300cec16ad292f4d34281480ac8a24100789c3dad662778cc66c4e3861fbcba844aad50b28855ed7ca6d63a9f17913e511cf984e8850b72f4d6124a96e4a0a865b92e335c5c8bdf35f52368e65624b4304cc203684e6003380da35f6887021e6a0c788130817ca3766248ebb5a3beed284e6240003bbfa6a6efa3c048c74640aee96a3a5878490e75d4f168930f966a1a64dd9472cbfcbfdc46a4f5306a81654529a9cd98a812a53b07601f73c580d01bc71b38e2ee0b06e438df8db6d2186314995598592af63f476780e621214a44b39b400870493c00e04b002219a033aa34152c2521d4490058dc8d09ff866f38bad27646af202896998f6294292e92c1b3124020dd9ac18b97303765b05ee52662c34c2e00b7810752c07c4748f4cec7540ef4a0e85008e641e1d0c21a9ce7752c6463f45995695f8755a8424b4a2a24923bcf801b5c90caf287783f611003d4accc53fc12ca912c0d83865a8f3703945daae7843e7b001c36e3f778af55f68152d60e54817396e55e6a0581e21a14f3323f0b01310ab316e3b265cc9f2309a7426548244ca9080d992066292471dc9b9768bbffd3d2903ba42430616d8681f8479c50cd54b9f3ea5575cd66d53943e6ca4b1b6822cb87f6a3bc42992a4e42ca70c0d81052ad08ea1f9469999f8045884b85baa99629b298052944003e14dee6d1e77da9a0553d489f29952490a56e526ef7dd377e51634e3e99fe019ad7516f0949d093ecd08fb513c14a50936666bb0fa7944c61b7ed02a1ecdabb9a01daec39353dc4f94b507008285652b41ba902e066e0fbda209d82d22a9e599559344d2a969505ad0a0331f10525492410dc446504e4f72aa62ef994a97a390af8d17dc2bc4c36314fc4f2cd27302bbe40a32d2b24f00a672791249f68e9611b4153da639583f22775385552eaff8491344e51dc24001248f1294ec35d7947abf66f00461d2bbb96bcd396c66cddd446c94916407d1df7d603fc39eccff000120a968699388529ee5090f9116b38724f33ca2c9369e5cd55c949b803afca39babd5b31d88687f334c38c5ee61c7ef03c657956eacc0b07524d9fa4661f50143e2fbe711e294eb135414a0016cb9be121ae3ac28a6584cc3e21d2ff6d1cc653cfbcea62c6af8e81ed1d51622b42fbbfca4d9f463b42ea99813357dd97492586c3a474a9e95820107875855fc4849505a0863c59df87a410e4519be2c2a1b7576e9fd6596a28fc62728920a4323771a3f001a053deccccc951277fd89b728b38a70015288212f9491a0fac2c938ea4e7364a1360a24393c8468e2aae7331e5620ed5bafb4dd150a64052e710e48ca371fe5e1bcb4d870e3bc56a6572674cbdc0621e1854620f2f4606c3e90208670a04acd89cd16ebdfe22aed0f6dff00865fff004aa5247e72b401ff00a4a9bcda12cefc4994bb896b4eea4f8147a8b8785bda5a554c058eb1e6f5b4f325165022f631d21a64c82a2f971b63f52cf67a2fc41a5dc4d3c084a09f305704a7b6746a379875fcc9525bd9bde3c4a92615589bf1faf58381580c7d7e9183e8d07130199facf72a4aa9550a795312b0374a816eada418a90733d8817078c78351e1eb3302d2a293c41620f2de2ef824e9f4e909454a928cd98a0a12b0e6e4024829075b1d615cba6451c34d3f10dd088076da984b9f66756afa10a362ab312e1f72fc2c204c0709ef662bbcbcb43129e7a8406b25fe476b18b026a4289049595924e7208726ec90001ae80445518c2257f2d287e39404a41e4d1b8cefb3628e624d854e4dd06afc07bf505ce982d644b48065cb1fa52e0bf357c84413a953280655b6cd998f421c436a7ad0bbdc79022259880de24823722e0f5ff3eb189ccfd1a75b025086763f122a06512e40748b1b6ed6b88b0cd700bbfd88a5d0c9ee274a5a34cecdc1cb10fbd8c5fb1201cb72fdbce36d201e7823da5e7b1e9aeb11ac0f3dbef8c2eaa46fe4fbebca1b9a624f2df6d4c2dc4274b438243f00f1e9548a9c7604195cc4650f38a9624a606d7bdee0e806dad9fd62e13ea25ad4c0973a5b53b68394018af67d82573bbc014a0108402664d3ba406f08b0bdfa466f954759a2e32458959ec5e0cbaca8548169491fcc5313912ec0007551d03fd23dae661d9252654a484cb4259291a01f7ea4c6767f07954b28844b4ca2a39e62428ac0537c39d5720691bc471161e116e31e6355ac6d466a4e83a7f78c2a05537d620aca15a416d617d2cc9c52eb429077cc1bd5f58226ce5a89201f7f58553f18012a4bf18040df5957c7120c770b156932d69099e904ca985ae058a1446a9bd9ee3d8d0711c2968577750e1603212eee1b620311602dd22fd53890ba8119b29501d13bc54b19c484c60aba83b9b78411a5d813ead1d7d13b8f476fe25e4515739c3294844951b1405f878951677d8b0d2099b257de2569530fce921c2871fee682244b3dda41d583f56bc6ca9ad1d03309c4e90260293a7bf221f70fca38c1708eed7dead40a81f0b68dfa8821f37211bcf7b37583c4cb08c321318c20461f962c1d909c0554b2a0e0a543d8b6915704e4261e767a6e554b59fca17cb62c1f8398e7e406b88e75152e5daac51240425adafd03f2d488a8e1f28cc52a7ad248f86583aa8feb2356f283160ce59d48b9e3726dea60abcb19733306b6bd0369d04107da38eb0571822bb091230c2ab28b1249f53b8e110e3f3d2895dd2199209bbdcb5d45b8eb04d3a72052d47a03fe7484588ceef0b12786c2de42d058559dea5e62116e01d9cc40a016258800f1005c7a4389724cc756da7f93ce17caa3032ff53823ebcb5d21bd3a726ba691d018c5dc47cc2454478cca32c85cb514a9042b368cc74e44f287bd9529aeabef532fbb914c0142180067adfc45ade10ea6e24420ed6564b292caf18374ebe6fb37d606fc28c7fbbabee167c13ec2fa4cfca7cd9a32d55ed257ad7da120e399ebd5525595d27a88594f4e8ccea5904dadb79c1b894f58537e57b371e06162e6317d6fa718f347ace9e15629d7f68de6d5024cb9c90b4d883cb898558de06cea9413932be5fcc7ccc0d22712b0e77f6e116904290397b18d3cdf4d1e60b6ed3302a7ebedfb4f37a6565566bea34863534827292a4dec7938e5d22d1598420256a000773a3df78170fa04ad0505252525fc36d78c16eee23475aac37011ee32b3dd2d8396d21023044aa5254a0ca0cec357e50f6ad9233a94593a801ddf96f0bebb124ca494a7c4b3e2cbbf8be510d93bda73703380171fbccabc3a5ca478407f083c4447492d050a42ae15edfb42891316b0e52a052544bd9dfea20c94b0d19b1f558e237e536ca636625c4699485e521f70765278f5e23685d5d86cb9a82952445a972d2b4e402e0b82763c3a1849390c7e6381de3a58336f1c75106ab869e5d5d869a798daa5ed0e280a542f0f31fa113106d14aa5a9285141d7f6e10cb0f30447518b67a9659d3247e531ccdcc378473aac8b830d709a842a59511997c49f0a3859bc44807785db01517130e58d28b32797519524bb9361b01ce02995a40b25cecffe6f05ccca7524fb7b08969f0f428dc30ea5e2978ea23234996ecd7d23ceca613266204c9b355355fa12b284a7fd282e7fd462c7330795acb2a96ae214a50f34289491142a8c152ce8510a1a3dfdc5c794494bda2aba6212b3de276133c4e3fa26862ffdce79469e961d2342d0fa842b0cc5b3551a49c9c9393312031f02d8b8292ee92525c0f78f4d9a9bdfaf4f5f2b478376a26aa6d42aad2e104cb1a80b96b4a400141dc5d2e143c278bda3d77b218d1aba54ce53158050bfff00222c0b8d1c31f38b1a70b915d3a74222bf882ce51bb43ea731fe5a1c7ea501b9d836cdc20646043522c4e9cbfa892efc8439a59600d08f437ddb9b474278b81b7ddb9c740e4205410809b222c9583489442c24158765103c2fc1c7b910bf0faa4aea9642947280921dd2090e4e9737039336cd0deaaa32b8bbf4ff003ce29d4b3ca67cc4a969249b0015e10c4a5c9242891770cc1a12d5a16c2dcc37608bc4b7562decd6d793c073568b851f4d60799596e66c797203eb0b56a3ff0025de38187191327707acd57d7250752d0a677f0d30e6549965475246bd789eb1dd6e19366172728db9c572b708a9130e44a949b31052de61ecc7943c88b7c1a32291b633c4a864cd92c94841582332400431e5a8b6915ba6c1d092e732cbe8ad1f53e10358615122a11dd2168500f63621449b0041201e516c95481c00180d480ce7af58eae881a3dc4a73e9111d0e16a5105432a79ea63bc530549bcbb2b86c7f6316059101cef9bfbfca3a35c4c2cdca3ae594a98863c20b96768695c80a17beadc47430bd5208d3485f208ce22213565a4f986890542d32e4a655e6ad612848be62480011ba6fe8f116241fbb97c9cf9dbe517bec7767129522ae692e9494ca43304a4862b3b95104b68c0f9c20d91113737c98cbb1b350cc2f0b5484af3b15386209cacda80799e7a42a9d3866b9bb9d424b9f3b7ac5a71a5032cb5baedc22855f34dc275208dac2da36dd358c702b6404f786326d02e4f8a550084b3805c92753c0df661e90be9188bbdafe973f38e7105f79954923284a400e1c30019b52cc768aee273ea083dd5c0ba827e26e202b5f28e9e9b18458ae762c63b4d7e6ab44b4681d443790e978b3d5a92a4142ac08d47c4fc4748a6760a88a42a72c1ccad017b0d9fce1fe393ca50486e9cbfe61898aca2768a4643ddcb2565561c6fa93c38c154b81772944e0af1a1485fa107e51de0b273cc33141cddb907178698c295ddac07d1bd6dfb401504730f7722a7a7cf72c75163e46f0154c8b661672cdf230c563c0802e5294a4b720042fab9c5efb34793228cec6024d5402586cc46da3f2861231364a4598973e4615957889e2feb0650d266206d1640a8de6452b6f2db20a66cbbdc188e5495a66960021b53a931dd1f8100708da2a9d4cd66d60d5f181f33846ecede91362b5612b235240dcebb30da10cd5282d537599b72e061be3920e7cc2e2de902d449b38b38811c4eb69f6041f3059988ad482977504dce8fc8738dcb93958824bb58ed02489391441371164c069127c658bede778942e69958624b13272532801aa8fb40388d36619c7fa86b6e239882f1b9404c078fd348e69a65a22b946b1160b681bbcaa56ca6078479d76b694a0f789b1041e9b7a178f5cc52940d3e13a723c3f68a563d421495023620f43ac7670e5069840c8bbd4832994b562621c742381fda3ba0ad54a2a1aa4ddb7e0fce2beea95308dd258f3ea37061e50ce4cc0fc2ca1c1f7e8f0f64515f13876d8dac76963c3ea10bba54fcac08ea35f686099edff0031469d298f4d38c48aae9a05a62b9788c2e705f431a5d7ff00e425f65d5fdde2654d490c43bec4383d63ca118b4f05c4e99fee3f226f163c33b50920266929501753120ffb6e3e502da52a2c4d9356afc18fb11c350a414a435df88bf0cc7c3e462ddf84b288a45e670f3a66ff00a59249f311439b8eca487ef01e012e49f6f9c5cbf0af18cf4b347c2533d65b721690a0e46bb883c48c018193cb2e083cd4f419b380b1b59b89e77dc429ad9e7f2a98ff0098067e20e4fdf4fac0336af57fb30d0c5ef3239aba463595dc0816e3f7c62bb36a3c492e432afa3369eaf7fa1671c55543177df4e700d456e5218b1d010483ea08e8cf04c80a91d8cc4b13d63d993dfc40d8c722a0718adcbae500cc5cddce5652897252c4ee74b1eb024ec549d0b7ed1c0c9a564622a54b7e2b8c2112eef15cff00b4496b9856b5cc9e1c9b02039ddee58083e83b3b2e682f34821bf282e0ef78df1690b0ba9a062a2ea35a1c4732e5005ca8b9fedbfd21b4d2496703e7e50a70ac225485156652d4ccea0c00e407d49860a9c00b738e96970794bb65647ddda773081bc0154b8d4f9fce1555cf3b7d986499981355739a39a65151038fd2005a5dfd3e7b41d4008057babc29ea7e257a42f94d29b8c63166a1d865199d504fe5cc074164b7a08f554a9240d80b34517b3444b5a011a9bf9efef175580093b8da3ce6b5cb381d8713a071815f3cc8ab7c48207959f48a2d725049ca5d89079116bec0bbc7a150202812a160e7ce3ccbf11a825cb982753abbb9930925293e15ed99b653b071abdc439e18fb4ed6ef17ce2f811662ca329256820aac14960e4714f02debe91ba8c492b577a09caa01497b1cac0810bb10c2f1243e69131402524a827324021d8e5d1896361a79c6b1192132f2bfc12c26dc87f98ec865636a62dc81cc7980e2e89b2ee5969771eba7ef0b3b4f5e48cba072d772c2c22bb439c1cc8cd76160ee4ec0c5fbb31f87d366ad33ab46443b8944f8d6360afd09e23e2dad01973a22db196122dec94bfe495d8b9ca1b8276f58675d2334b2cee083e8a04bf568bb62981a148264a1095a40b240485848f8081625b4e1d229cb5104203f89efc38fa44d3ea1350876f5e65152adfb4ba99a06a48059d891ac0f89a24a125495dd4006372e4ebd2314526486636009e605e168a45148243a5d80e207d23cc91b58833b98901a6baf8f78d24e1c900125ecfa5a0b96a482100788eeded12e1d72bcc7c2c35d016d217ca9053352a5ad4483f0fb6d66dde02ac593322e5c904f48da54f74b70241ff302d02989468df7afd218caa5214a53d8ddb776ff0010a69e4abf889849b10081fbc028bfa4c3195362498e28a493c7281124d93fc816b8f9ef0d6ba8c4c0073063aa9a5746576e90c3637eb5d200d42ed51f32948a22470d49dedb5f7875822120f472efb9d6085d1aacce948db52aeb034c905cad132e97f0fd2d19df3197cde62d5c8314a8cf318866b44a6590960358e3bb39f3b3a32e801706346a56fa1096b38df9c4860f0157b41a68241074de1162949a83afcc43f2a39b29627944d5543de21b43f94f3e7c8e91be9f36c347a42c86a8cf08eda61652aef52392be87e915ca6a82853a4dfe6381e51eb9da0c3dc1053c411f31d63caf1ac31521647e53707e91e830640c28ce56ab073b9632fe242c38e4e38446b378534b36ee35fa41aa980e808275e03a468568ce6158bc989a5a348ed522099526c3a415c173b4488da2dbf8798a096b9928dbbd00a79a90fe1f304fa45526263842882082c45c1e0763eb175051e8ee13d91553f7fbc0d36a39c26eccd4cea992b982593dd2929594870ea1636bf568eccdbebf7c62f708d8173ba89a496db4fbf48156a78e1535c80ee783393e42e60dc170b35134a33a6580332b37c4dfd29b39d2e7471ac0961757cc30a7da2f993800dd47a8223b5520989015280fea75663e4ec35d2cfd2d16c9f82c9932d412975149f128e62fc413f0f40045545f4394f060527aa4ff00f16311876914fb49c4b4a40012001a7005868d0451cfcaae66df7f7bc2f154b4d968247ea964adc7f6d949e8c7ac44311944b266a417d147217e0ca81e838966cf5961efcee7da06a89f621c0ea4dbd203150a3c08e447d223995006b9475200f78bb32aa4c265acaf4e1e778166cdcda1d7d6059d884a4b833028fe94f88fa24464a528fe5c89feaf8bd2f97cfd22495084a46835fbd79f586323f51e0c06c91bf99dcfd201a7b7f98249711865e4d4670d0171d53545817b82fc3eec22ef3a79b124330f48f299f88f749b9f12bc291c4ee7a007e917dec6ce13a952f7282505f968ff00e92238baec45798fe36056cf68df1a96bfe0e68947c4a97332f520b01e71e5bd8f98aaca992919d2a90b4ae6e6059211622e752ad8ddde3d625ce09fe5a81ca4d8c075a94ca984a4019db400662033a9b94562d48c78c8039331f20bb817f32b5db4c7552e60912cb0caf30ea549582c91c3998abf646895575465921294013665eea48559280d773a9d0089bf1429e62664bac961d393bb5f00413973ff0049075e21a1cfe14493dd2eb96809cef29035cc80af12ba660dfe930fe264c5a1dca689157f262d9431cdb4cbe0a8014129700dc9e113572c80142e00fb301ab2850e0ad07489bc5ba7c3d758e18be863a54020ff00864f4f56264b565d401152c5e9485ac11e2b2c743f661fc946759c96e96f589aba811313deff00e64a4e52468a01dd2a1a1d5f888eaf8764d992cfb545b529428441d9e56794a4955b30cbe62e1ba8876bc2fc0919f2817248377e2e6115120ca9cab32541cf00c2ea2744d8eb6d618e138ad3d42572bbf97340dd1312b29e60026dce2f5da7232efae0fedfacd31653b051e9fbc6f2849c9dd1f10370e353c8c4b4d457722edaeccf61785eac33221390e70efc3d38476317ca91e12fc0eb6fa473d80ba2216c2dff006cddc9f1fcc04b2825d2b161b8d20a4a2c14478886310cd477a11365816774bb6bac132272412e5802ccfbf58b388d85ed32ba503bc60b9812351102aa5cb0bc289f52ea0b7f094ba787fcc6534f6639831db78d7367662474582ba7f4dc686e751e4239553a4662c1c8bf9447475199d3607801768c4a480a50f0599cdfd62bcb045c0a20d749051af324943a402ce43bb708066d795ba500962ca7d479430c294a2953949b9ba0fd3630bf109056027ff099d4a2e6e38b8d4f28c4e2a1c46136ef373812404ea0a9dd4dc348968583904906dfe638a69775324b102fa12c35be91c61ae998659d387178c88a8c1e54c03b5940032c0b2981ebb131e698aa595314406c8a4b7263fbc7b1f68253c85701fb88f29ed6c9c92662b8b2479ffc475b44e59799887ff4899e689a7655becc35914c22e98bfe1dae552caa9944cc3dd854d48d46619b3200f880059b5b387d22b44001fde1e39b78e27336d758bb119391279c4922429595284a94b5304a520924f2005e39ad9a1659edf778f51fc1ca69625ce2520cc7427335c2482581d83ead07932f938b7778a9419720580607f83d3e6a33d4cf4c97664253dea9bfa9598049e99a1fd2fe0952020aea27ac701913ef949f78f44a73e167895735bd2301afe2cc6bc800d080e11825351c9ee644b12e58726e4924eea52ae4f530056e154c4a94aa794a362e50924bea4db9438a84674100c2d98a648090ea0e03f0def096a73166b318c482058a534a452cd32e5212c925d284a5b8e9c63c7eb96a42f32490a05c11a8e9bc7ade2ce652d249ba15e10e002ce7ac79156f8adbb5b98e1d7871d3838e0c877031a2958c88c13da75a834c00963e24b0f63a79185b2f12944965a41e0a394bff00a99e17cc4324bf16fbf5109eb030278475f1e72e4dc4df10038970993b7d6fb5c7a8318a9c957c401ea01f9c31fc0b934dfcd138255326b04216014e54eacf6cc4edab08f4babec950ad5e2a7487fd2568f64280101975498db6983e591da78b5661d2a60090128bdca52804f2ccde1887fecf4866653f1ce5ff006f68f62c3fb1944a5179048d9e64dfff006817b43f87d4d342b22e6d2902c652d594f3521fc47a11d62975b8c8be6428c0d4f37a7a244b48084a52c35619bcc9bc7465da06ed37612be893dfa662aa248b95a14b748e2b4124a5b9381b98af2b16334e6cc50ab0233302788d19f8433bc1e57912956facb52e5da045e2e897625cf006efb39d123afa457fc4ab28a9438b92df7ce23994a4697119b38334552bccc9956b993b3af53a0d923801b01efa98f54fc30ab27be46cc85f982527d437a47954a4df9fdd808f68fc3cc1cd3c9332682999348649b1080f9414ec495124748435e41c71ac2696a59554aa590c753af088abd0a0aeec806c18e9789d2e56020e86ff00b46b1b17b7c4d73fb472140dbcc6158ef02415c8969390a4281002810083c8bd888225490a410864e44b300001d000c3ca269d24ce4a03071ab96238c44ca96bc8962eeefa3443c7d206e0471f98418a51dd142e602a05c358de08a6a550972d0ae25f7d7431c2a4c9cf9986d7f9b0875264284d707c0deff48d312ef343bd083932ed1d7dcf3fd2269d226485ba03a4eaff00489f21989c8970db0d0f11d609af7993f25c0487274f211d49a90f900cacfe704d48c45f00fde03642ca0d0bfe93c5bf14f1832ea3b85874a129f05c778b500a2a536a801400e9c6f146c2b13aa995129322d30ad391284a4317d2c34e2f66d63ddbb61d9aa3ab585ce94eb0027385292a61b1ca58f520911df65bb334542eba794eb362b59cca03f4a49f84720cfbbc74c7896218e8824fcf4981d3e5b07b4b55282a4b337ee371ca1357252a9bfa7651219cbc37a69a41cc4f968d03768642720982c4900f38e42fa909f6fe23184edcb5effcc8647f283a54149dfce24c4a66549c9b1166b17df9c0187a89749ff978e3109ed21494a812952410ee45ceada412358e04ddb1ff00a82cc638a544b0e81b1671b6e639a64203310a51d363c9f85a39c5b0c2179920a828e81adc5de39a690d996bb149b733f582743ba8880a53cb147eb19c894992952b3392e5f84433670ee066531571f1127908125485ac80a7d7f3713c044f5344125b315148d394587216eb89915162cf3d7f6ed22c326776433004f89f761f96f683644c170b5e7492751a5dc03eb0b2aa592c53f0f0e06389125d4e9f899b883d4466b90815357c4af6d71f8900fc6c7a681b42217d5cb1de852541f422ce63bc2e69566ccd6f280a43a668700b1d418a66b51d26498c82dcf4123ed62568a0a821452a082a052ce0850238dbe91e514f327e22a914ca2332d62e065f0b3ad6a6d592ecc06ba47b4f6aa8d5368aa112d3996a94b091b9246839968aa7e19766554e15513d39672c6542080f2d1bb8d96a3e80738e9e10b8949311c8cccd425d26cb4a11945b28013e418479e768bb112ea5d721624cc51f13874295b9203141e635e0f1e835b2c1b2838df942f9a50921812d61ab7df384466647b5e23898d59688b9e388fc2cad4adf348207e6130fa9050fe4d1e97d92a2145204bf8ca8e65a9b5558785ff2801879986f2e6148515971c2dbc022a00502dc60f36af265501ba42c1a34049ab8c915fe264a5c16d351d61ae70a16378ae4bae9681adf8ee20a18af852b00172ce3685771b879301e2842f0faa2e52a7d4b3ef1dae480a6234729d74de15a6ac4d5eb948d1a1b89ce9e240f7833cad40c98ca1baa8b31a94b4a5390024d88b9f06ec38de3c6311b29438123de3dc6b712c8b420072a76d6c00b931e33daaa432e7aff004abc685330295171eee1b8886b46a09a328b3797d225a99e4219cea778415f34904bfccc32aa99e1f330aea2e3ce3ad8500fadc5ddacc22871054898900b146520f055afeb1f40619dadefa965cf6f194e529d7c40b287ade3e6a9a82a5151d4de2e5d91ed54da10833252664a528948512920f84120805c72220357a73917d0799b63caadc38bae93e82c26ad531254a4e56603879465653660e55c6e74f48aae0f8d8c492a3295dde46cd28b6607636b285ac47a03160fe1e64c97e3b1245b8011c2ca194ed308a80770207c7b49aad699524212a0fbeee372d1e2df889d85520ff154b2f34a5dd6840ffc356e5207e43cb48f66a9a32b5a6c19219f7896b084a5901fa6b1be1d4be26b5e9ed05955940ee4dcf94a42b2eff7cf78f67fc39ec9c8a8a3132aa4be65a8a179949514d801e121c3beb1719f85524f399722419bb95ca965448e643c752d7301f0a6c2c06961a01ca19d4ebc6414a28cb4c2d44183d2f6728e955fc89084cc209ce5d4a48e214b723c8c113d63bb70a0a57e53bbf189a7cf0410a60a29651b7a01009a771e17e5636f3e308b6eca6e318500ebc4e30ca8095804f57e3fbc31ab94553736603417e0217d249394f792d49507b842cbf30c0c09366a525d5de02ec0a9130393c1d315e4bf4026cdb5dec1966973a5f78e0f8ad7d8c475d2bbb5a5614e0b8e3af084922a0a07c33d47619413f30041f2f115e565d3cd6d466eebe5de459c476f3d62c536b706ff00ac3c4a065e66cce768e69ab8067745fc2e75ea3685f2f1b99a772a29366265240e6e164fb1894cc0b53aa40cc006653db6b80f191465a2b27967fdc3ee23e414abc619db58538aceeec8ca1d4a06ff004e512d2d6b2485a4208fea0437560d11aeae54e193bc4bbdd8ef11dd98722638d763f2388b66d22b3cb4655904024a58f89eeef05ce4e4992ed651623a6f0d68c2936370373fe206ada9466cdbdc6a1ba81117116160fe93519999aab8a81a24942d4a5a81490753b3fd201ae33672c103c00b246cc373c60b9d38339bbed08eab109924bca2264bb3ca2af10e685136fed208e0443b87465b89a6ff002fd67ac6c9a6cae5ce6dd896f4de14e29314a2c48beeca06dae8bb88e65e3299e1d06e354901d3c8a4ab9713e910aadf0877fd29171cf243b8f4c13b7329b2861772e185c8cbe15289ca3c4e1c1274398f0f58c37212ab90ecfd6d0ad78b2f3a94104001db89e90dc27be4cb9a9b16048f9c7301247301f19436ddfed26ad9e4196903522ff38eebdbbc01bc440bc772105fc5b1b44d3e952b5a544974edb3c6e14e5420f5bfb454b05222e9b4a9f1202bc43c463468dc00ec46a45ad05d59bb333ef11a92bb2763a9e509ba8dd426a1da8733a972d2949cbc8f9fd88574d4e44c29cac1c971623789eb2a005a12ec01b988973734c521399f9102c39c5d5cd115803f318d25489808fd258bc05382896d41d1bf711cd39ee92b49bb5ddf5e479c6bf8f19429c27afed10f322a104951c4066cd9e4b303ae8fef12d27851e255ddcfed1b150a51f06819c8dfa415512c1f8504bfc440d3a4163c65cd09bb3d0a2257ead4b5aac14cefa1b411225955af6b7c2a86d575c2520272973bbb7b9d601a5a9767212e59817f33a7d61b5d25c3fc412280a90cec325d9d4b73b654fb3906229744a4bf745601d8a53f22afa41a6ad249092a56bb3bf4cc4088bf8e04b78ba96bf41b18d0e9d7ff0018232bf73732561ee0b85e63f98a901bc8189e9aba6c9532d3993a786e47b44889c19ee3abfd0c412d689a4ba92a1c332bcb83981182cf02a096bb0dd3fce90aacc5e4dae1d881aee1afc214e2983c9ab95dcad3dde5ff00c3980b94beb63aa4e8527d8b187228648be5d77ccbbf27cd68dab0aa7506eefd14a1cf8c663032b6e079999f282eda3fe7eb3c9b13fc399f2d4409d2e66a43e643fcc3c556a70b5214a42927327e21a80db822c45e3df26d248414e54789f52a27ebac79d7e2ae1b2e4e4a9920e79eb295a49b7850e54826e924066d0f087b09c8c698ccb22a05068cf3f44801578d6395a1410801f297ff00f61f28166d6a8e82db12c4ff00c73d63995281539d83fdf186d7173b9bb4c064e36af797dfc245291553081e1ee959b601d432fd5a3d56917326e66f84427fc39ecca24d2a57303cd9cd316e740dfcb4b0bfc376e7176945832401eded1cdd460193296266c33055a039956aaef49ca14ae81de26a6c2d6901599b917f7bc3da9aaca3c4cced6ff301cc9a9d497ea910b1d301371a8622800206a210e40720dcf1f33a44d2979d2f9837cb95a00ae49cc16805b43b370d0690ba831612662a5a8296092d96edc88b1821a553088e3e659d2848bb3f023eb678e958939294b12351707d217a31006e942ffd8a7f944532bd5a77534f070402fc7fcc30988013229ff943e7d529dcd86cf97f68538b284c410482a3f0e57d7662058c1426cd37124bff00724fcee204ae3372f864393c494bfa18d5568ddc21b47020bd93c414a7935057df23f5b1253b171af587b56ad9c81ef14dacc16ad6b44d6972bbb2f659d37cc4c5a692b51350c5404c4fc4017f3e63a467a845bdcb2b19f791a8ff0051f37fbf48c9150c43eb7dca7ff4a8b98c9b249e674d48f6818c83a8537969eaff00285b6c6b830b9eb70413975d92a5793eb150c5309988526752aca4be9ab9e05240041e0fd0c5917246ea25ff00b47b308e16848b0b97e24ffed23d9cc3583d3f3327415d6a0183f6a66cd3dd4d695303ba5880a6b120a8dc390e03110ca6a57a99ab0ffa423e652e7de2b78fe1d354aef10f985c293655b7d1dc7331de0bda32b6973fc2b360a240cdcc5a18c98286fc7d3dbda61872807638e7f98f64d0ad5ff9ab2d7578902dd1287f211ca69a5826d31434056a763cc02fef1dce425c1d474f97088d490d663cf303b68c4b0f5804c936648ab10a1058a1465ab625d5af353fb69014bc5552ce59f282c01f12439ea40e2dabf94399d94ea5b4ea3cf43eb03d552858629cc351623cf71e90d2640783157c6472bc4b114a4db8d8f28634eb09065cbd436bbb6b784e66ea48beda7cc6913d056dcb0ccc6f7d0f28e5e5d3b116a3a467210c3ac6a998a2588d74892a5d32fc24b83f6f111ac2adc0e2c6feaf1a44c6d08f3dfac6030b0eb31da4f35269952148199d279c4f473332742360fbf3814cf7d44772a783c7959a27966ecc164a1507a89673bb02da5ae234a465585037e36d0ed11e238b007bb49f1684b7cbf78dd3a58125c93a9e7f7c609748c45930c3123983e2129d6e030eb6313a28d391943fc0fa41008d9baed18b513c7fc7b98d9348075e66872350138914e94864b81fb73d088ed6137b0f77f5d8748c4b70f6fdb53d602c5ea72cb22ee5d83dff00e63618557a4cfa9e621c73129598039b7018386f321c988c4f0b2c15943004042f4e61880602c36854a9bde28581b1399c7b7ed1689738d8316e240fdcb1e661e64545004c519998989e628e501299aad812953756caf1d23bf0c322c8d894973fe90a2deb06556604303be83d8b07f58ec214c1ca5f83287a31b88c4cdc41310a89812c65b13bdacfb35c8f581f05965df473c542dc2e748cc4e5ad24b8cc76ca0b371721bd23286ae614e5ee6681c83f9b8008e8ef06ab484c067f588f84d3ab848b5cf00fd1e24953b9a4f42feb0ad794fc52a72b8f8081f28ee5cfca7c348a23986f5cd6f68c4af1ff00a9aeef892d7d62328d33021858bf1dcb71bc513b773115065cb0ff00cb2a51672cb232b7403cdfa45af1dc526265159966584bdd920007cee7901e714a95285942e14e4370d5c1de263b1c884143706512ba8ca0e85b425998d99c1bf9c4f82d2954d960d829684faa803168af941632b25f5be834f5ff0010ba950133a568067413a3305024fa086d998ac53ca557eb3ddbf89502d9328e452c00b37b5a362a6e43db9587a8d0c2c958bca99e242b8936cd6fbe312cca84ab9bb6843f52fb728e61bb8c8515095a7331274d9fdef1099c01cbe253720a6e4cce20418ba01f36f2e595263a1882544b0296dd4091e8e088aa30849265424024e61d4286bc1fe7086a6a948c8b490e0904bb167d39f94329930afc64e9f08667e77d606aca50b0336a46a4807cb87bc5a712cd9118f7eb5242acc77755bdff0068c98806c795c6dc8307f730261eb05065158cc361c3afdf27863454f92e2da6bbf2be9e913a49738a2a550539240e44dfcedee0c18b9c5f42db176f6de20a9ad4a6ea535fafedf5815750490a1f0f9dfab6dd60a8983c77845436a49b7237e8c5bd22b58a4b9924aa7d3fc7a91ae71b86fac3d9972c581feeb37a8f7302cc9e904a5b4e64dbdfd898d514dc1722b881e1989cfa84e6065215b87b83c1a249d2e7b9fe6a125bf47b870c7c8c2900c89fde664e551bb1d071605f4e168b6776923bcd5c382e47938d20b263d86c0e3e92b1b87144c406967b5ea54789ee80207bfbc4030f999b2aaa66f92529f943b9f256480cc9e2e55efa88e2a7c292144bd81163eda8f48b05bb7f024207795dada2282ea5d44d4bb1b8d0ea47ecd0648c16857284c42e6298be55a920e6e174b8304a65b9f115103460e0f4b37b3c0f3e6ce4284d93703e2009bf5701cc6dea22affb4c08406c8fef25c2b10984f76a90a096212a4a43bf0512037500c4d513557010ae0e431e8e35f486f875526a119ac08d45dc1e8c2089c32b106e391b8855bf3702a3286979372b3967b3894b2da17f6b873d0472891544de4fff001f6b4584104e62efa1203740c413e9112a5b17e5a2806ea2df3bc6884fb080c07bc18a5535d20e5960dcdcbfdf08364ca12c306cbc18dcf17e313a12000c741602c07cafd1e3825454d96da6c1fcc178d5949e070264180e4f2664b249b01e5a7b1106cb965afaf27fde21952c01bfb3db9eadeb0484e5e6fa025c7a9b9f6806c62187335dc9fb3f28598c628250c88ba8d8ee7ef9c17884fc80901d47a96ea768ad8a69a559bbb529f958f5b971178b0293660e5c8c071d617414ede350b9e2f6075d7410de5a810e6ff2f426f0be5227ff00f69234727306e1660def1dcf975215608ebff26357009ea20a3103a466921b9f0f969a9e4234660076b8fb784e6554bbab283c4a88f2d626954152b0e26a00f33f37100547bc2de7da383380049360fa11ee768ac621580a9b3f895b1716db5e5bbc4d884c9a1a592141243b03f11fd5603da3310a72b009ff0048e077b6d11540e4ca76278124420b36adf67ce0d4cb67235e36079db5103d348ca1b313c1999fe6f05a1215a7bb6bb680de237596bd2469a7be966db4ff0011315e5492a3a7af1d38f38e0531fcd9481c1ec7ada23ab98103c59b4b3a8b5fa98022cd42ba170193312b9859209fea1a737d4c35933ec037a03f5dbab426a69b2c5dd8f3716e378217894a6ffc449f32fea2c0413e33d84a4c8bdcc72bac5358e52399fd840536a14a1759bf024342a38b4b05f303ebfe61362b8e021813ef19792e4f487e6e35f68abb7389151329fc23672493b924c52696ae74a1950bf0b92126e01e20ede51619a82b5125cfbc40aa387531845a893e42cd60c593b179cad004fa9b9b121fca0342564b92a3f6d0f3f828d8a483a1ed00963d4c129a7ac68feb160a3c66a478400dcc4032e98c1b264340900f684a48ef1b50d1cd5805535607041481ef7864ac3aa83097300e6b2e479bda11c9045def13a2b48d7471a5f78c1b1bf6afda30ae95cc7d4fd9fabd55528bff00483eba8823fecdcc219554b20f064ffed47ccc4d86e2e9294bdadf5e421bca9b9aff0067d61466c80ffc4d4229ef1551601dc839272ba904fbbc4933085ac1ff00bcac791d3fdc21a93cfe62f10f76a7dbc89fac08ddd66840aa89bfecd00e4ce59e162fff00bad1b97822126f3a793afc443f9170d0f50bd0dfdbda229f2338bdfd2dec3d20c173de06d595cc57074283e69ae2ec541bc810c3ca3307c1e42d2ed31f7f10fa0876ba3b7c440f2f93da13d4a572495209637503a078686f61409989d80d91085e094f774171c496e970d1ccaac12941047f2cdaee59be9e51c4a95308cc26243e9631a5d1ad60f793658eaabdba08218eff0031b94726dfcabfc46ca976709b13aeaf6fd2584053964b8510803f2dc03e4c7d888ee8254c4f833a542d7171d78c1d2e89c8cd99c1dee3c86d01414d4d37168b2914549ca0300787d767d2059b2c81fa83e8c037912c7c8c3eac4b06700697ff00e560d0b960923c615c08761c9888b00c06a8b095256148514f104ea3a08669c724ad2c2cb1b5dc7471788e7535dca5efaa433f942dc4a497072b3685afe907e5863cc0390a086aa7bdae1f827d7ac46ac40278bf10f7f2305e1265ad2cb972f3734804fafef048465b26583cb844140d54be48bb85a64f21e7f65e09420bddbadedfb7a44b269435f53ab7ee6274a5b40c78900f9ebf7c60dbe602c844962f63e4c7a081ebead28d939ce8c1cf99892b27903e273b0b0f3fb308d7296a53900f52cdce002ee3c9e2133151c4e64a2612545459f4dbd20f4ce6b1b7a37987bc092e96668187fa9be9128a19875983e51a305f799a16f69377ec74fa7b3c75226826e6fc87a5c6bd2d100c2497799e8e7f68ece0e9dd6afbf38c484f79b067f69c628016ca72b6a7f70613e11da0ccba841411dce52f6ba1d8a8b074b1671c0bda1bd4e1b2d092b398e5f1712cfa8035e9152c1b11a6955b366f7999331d0ccc32288777724db46b08475194a70a0fbccb2e4656063542e6297b9e961ecd786a24583901b637e9aebd4c452a94a3c2140a7f21b3293b79b6beb13991b921c6c5c0f73787572ae450ca7884824b4e72b87b70f11cdd41825330685ba5923c8ebe9022662537d4fa8f507e51dc858dd9236b93ff00c845165f79a06858259c000f0bb3726dfac29ac9a9cde355b8007e8f0d4adf4b9dad6f3600409324226165662bf20073272e914a557d4dd2473c44f8bd7c9a6906722566f1a5090730b9bf106c044831a92b00aa482b162183bf537de1376e67ca5a114e8584774ace08f102adc16f98f4305d26212d6b5893f065402a2082540316bf485b4f9db2bf4241bfd2a2a3290dd6738c4c96a032a0059771e1b0d892c2114da7b6ded1629925c69edf3884c93b0f68ea05dbc096cdbbacafa24b708ebba1f6d0e514bca2514fca2c9f89407cc4429c18e93247087a240fd3ed1da6544bf892be62214edb475dd9d1a1e2a4fdfd88cee62afe25d7cc4e64abf4fb37bc72aa55f0f9c3a1223932625992840e9e98b748634950a4d9cb7bfbc754923eed137f0f10a83d656e221f4d883dad6e3ac192e6bea2d09552b789e4ac81199d383d268339ef1ca577dbeb124c238dec2ff778592ea0e8ed05cb9f6d1df99fda03caa9a79a0cee616b1163bb067f488aaa582962126d6e07a7389d171af223ecc690821aee39ff00cc1a8a945ae55e54a09514916d9c3dbcf783ca6c033796beb68618851037663e51261f87a561ca9887b369ef04c7bccd445f475390f2f972b7ed074fa85283a5c0e2dec6d13a285295653707477fde085524b06e97f5d3d63235775351755710ccab50fca43ef70fd797947089e5886b70b5fdf487aaa743ff00e188ed32869943737107bc74020ec3d6e21cea3719bcadf7eb1115007e107a94fef1635c848d927c925a348908e03d01f68b0df128a7cca94c51770403a8d3f786f8754e64dc00adc96fac325a41d93e81bd6079b460dc061c8923dbf688486ed280dbde314a5b4f5ddbcf431315325d56f9931a709bfa0ff10beaa6951e4341f7bc4db7c4addb448a7aca8b97bfb728d4b95c625952a2412e2c81d250627991200fbb44ac08d2c378ed288de480221832322332fdb7ef128446d48e3005618303ac5e50dc7ef68af54e09226be6407f7f51a458d5499f53f481ebe8532d0a53bb5b6d4db8459d88b6d337b6fa45fd9fc34a12b94a56696957849b916bdf94778be25269d0544391c493d19e08ce129091b6fa5f8c53fb592f3943fc39afd23caa939b29174a4f499b1dabc42a9715aca93990532a5ed60ede704cc5d622e262267229cae3ac5ab0cc2a52652001b03b70838d34b03420f93fca3d08d1e9f6d6db97b1aae55f0dc61331c2d012a1a86d217f68f1b50693246552dc1205da0bed42512da7e8caca79a4e80f9b4567b3f5627d6beac1e105d005d401dbed3367ed1a61fd9b9690eaf12b892f7de194aa34a3e161edef0df2a438e1ca392131dd19312f0081fac816a2d32a3593941ca29e238477ddfdb3c4f3148bb1f5840459dcc75dd418537dfd0fed1840fb0607cec7ee3f7920824c677305a403a5fc8c630fb062fcc4f71fbc9705ee846bbb82adf60c6661d3da27989ee3f792e0ddd5e304982c21e3beea34a9570112d8c1012f1da90044a99896b9f630272e35345a5487bbde3b4cbfbd6264a92742fe5199c0e3e875832ea059220c8fbb8da10dbfb18ec4e11899c09006bb5e22e543c0225519d05371ff00304499a40ff02f10198db1f5b46bbde9ebfe204e4c60d58840b43c29f561c844499812a717110ca566d0a4b6b122643fe66f282a52388419898456a7325c11cb979ed1dd0cd0a4b167d22055381a28756ff310f76757be96047fcc0ed150cb303d21b30368075bc46a98fa9f781f22b979bc68217c07a458503bc12ec7b49d533fabcada473980dfea3e5ac4425af90f211aee17fabd808bf4cab7f692a72f3fbeb1a335bec4774d46956a55d1e0d4d1a06cfe91459442dae7bc1275cb3c622541425f28de589d07103bf320088de5898a63768aa856243963acbe512e58d13144420672111c4d0f61a7d6245ae3948e515b3bcbdf39972442ced6248a55a80ba4a55e40ebef0e408c994e1495248f090411c417119e5c7bd48957c54a349ad0b4820f081eae589892080615e3d86cfa159605524be5581a07d15c0f3d239a1c690b6bfbc79bc9a57c4665bbb18eb0fc727d380829ef2580c012ca4b7055c37587745da6a79b62ac8afd333c25f91ba4f918aea67a543681e753a57b068670ebdd386e65ee3d8cb7e2387a27cb54b980142b5dfa110b706ecacaa75e746b15d933a7c863256401f90f893fed3f48b2605dac97394254d4f7730e97f0affb4ea0f28ebe1d5e2ca41ef02c5c32ae5196b13124804b293b1e0632aab5924e9f7789b1f0d29ffad3f58435aa71e51c5f14c43f1008f69a862040b0094aaa9b315314a3915e10e5bd22d95749992c094a87c2a1620fd62b7f87882f39ff00545d72728eee9b1a792178aafde00313d3d6a8a3c46e2c7a82c62ad8d6233553a5c90b294ac905ac5a1ac999e157f72be662b13a6bd7d38e663ce68f0afe22ab8b96ec6a5c8617ddcb74ad40a03b826ed763c60a9d5c72bbdd9fac178823f9333fb0fca2b53a778474da1cf17c437ad096a6a2fc2ea67d4d44e477ca4250ccccdef0f29a6cd96beea710b490e9537cf9c22ec087aaa88b563491de4a1b80b51e9611a67d362fc1eea00d41526239f887733920fc0a2c475de1e4e50cd9459802a3f21143c66a7bda9972d37f1027a3c59d130a904eea3ebc23139f263d285bab90359306c4b1a519a9a7a600288725b41ce0f453d54a4e752fbc0039045fa8853834beeaae64c9892c424259bea62cabc7a531053303823448d47f746da7c3a5f269c8dc640c62ac46b0a32cd4798d88e105f7a1425d44b5101640525cb1d8b8d1ed08711aa409012540117671f7a40fd99c4b3532d3b267a1ba18c74f7e4be36e476937faa5a312ae21248b5b6855d8e9267669ea512a0a500e49602d198acdcc93d0c73d87ab4cba4528b1256a091c4fec37313c282a1677ae077918d98f3155a50b0b0a2920665dd9397fa87178acc9c427d74dcb2c944916cc9d55c58c0b5dde56ceee10494bbcd57ea3fa7a728f40c1f08448404a00b01a43d874cba8ca7338a1d84abbe24184e1299092c497b9724c1a530514460447540ae92a40978e549de0812e35ddc4a842e492c06f87e5f6d13265a770207425a26020760841cceca46c903eb1ca2503ac7439474ef15b658682cf204772668238c6e74bb4401046917b441de6e141063590f082c46c989664a103328f08da649829a3512cc9420fdcf48d2a47182098e4de27327120eee3b44b8942636989cc923298d81126588e69212a6d72abe47ea228f485722a8909502950041e378a6633f87b22612a944ca51fd3a7a6900e258e28490b4a8850624852b57bef17fa2999e5a17fa920f2b80615d3675d48363a406e678fe27d9aafa62e13dea38a6c7fda7e903d0e32eac8b04286a08623a8fde3db9487843da0ec9c8aa490a4e55fe55a6ca0762e20336831b8e206da94a410ade1463120313b8bbf0dc1826812b96a5c95fc72d4a4aba83a8e475f38131faa0127478e32ab2e4a1213625930dc74d461d996a7992e6210a3c756575688e754b25cf0115aeca2c8a2a83b19d287b986788cefe5f368635cbb9d6fda456e277866253e666322424b162c482fcef0726a6bbffb03fdcafa189bf07ee89dfdf1e8a8977161ac7431e8b19406cfef2c591773cca86b54b41cc02482410362f7f78454aa7c429c7f51f943091399739cb0ef66f1fd6a84f854c7c4e47f71f9473f4b8f6ea3882c6ea7b062a8fe44de52d5f28a34b9fe0493a37d88bf63b6a59e784a99ff00b63cb933de403fd20fb46fe28b657f5877525c3b15914d3662d0b3995f17873011ac4f1b9b358cbf855acc2e6db7c3a08eff000aa5266cfa90a00b14eba6906e394a9a6aa5c901a5cd489881b07b2c0e87e71593032e156b247b4004d461d91ec9a129eff3898a5a490b7777074e4f0a28aa5e48be9af95a22ecce3a692b0209fe4cd50043964ab40a0fa7031c62b2ff0085ab9b21564294664b7d322ef6e85c7944d501970ab28e92eea73d9ec2135751392b5ac10c43288b7918b22ff0f251d5730ffad5fbc54a8b10552d4a67a066d949d9493a8fa8f78f47a3ed950cc4bff10841dd333c2a1d411e2ff4bc35a4389b18bafd650aef107ffc694fc55fef59fac4789766e5d153f83f34e94eee6ee78c11dabede4a4cb28a7254a502335d249360100ddffa8eda3c0b89cc9c30a9467a8a97deca72ab9f88d8f1e1e51a6428c8c1476eb2f80788154d43024df51d7f685981d7cb072896a485660924b837f165db58e316aaf038e10e3b2d827f15861cb69a85a972cff50fca792b78e4e9b4c722b09093704a4acfe0ea533bf228b4c0381dfa88f5296a0a01492e08041e2362394791a6789d2d88650749075045883d34eb169fc38c675a3986e973289dd23f2f51f287bc3f311fe9bf6940cbb09719920868e488eb4391648d648972c63449243923a4a625cb1acb1249c84fde91b4c76d1b29892a706230889b2c680892e11191b68c818573922332c76d1cb4519738298d84476d18445812a73184474446011249c94c4158a697315c10b3e893fb41044696804106e08208e208b83caf1089467cef23150b96524ebf768f4efc3aed12264a4d32d404d4064bdb3a7623891a3422c7ff00098b95d24cc972722bc43a02ee3de2ad53d95c464d8c8ce06850b00eba87631cf4c2f85ad7999f227be6588aa2725092b59094a41249b3011e2b4fdadc5e4008cb3c816fe649133ff50bfbc0b8962b8a56305ca9ca034494a65a01e2459e1a394d703997bfe21d89e2c15326ce1ff98b52c6cc1fc2fe5155aa9eba89825cb054a516ff00279458283b055d50477844b4eecea3fb08f4beca76164d20709756a492e49e64fca14c5a43bb73c1a2653717a3974386cba7cc0ce5cc4288719983a94a50d937d79c556af1370d6e1ac7ac63df8774d533d73941414b62a65ac0240676040161009fc26a23aa4ffbd7ff00ed1ae5d2f98c0932ca98abf05aa121339054028aec090e5c5981d7431e9b326a11e25a824715161c752629349f85d4d2a622620a8290a0a4f8d4438b82c4c58fb49d9a955b2932e73f85598104a482c41d087b18650155a842eaa78acfc542664d2f654c9aa0dc0cc252dc410d11766e78388c8592024298926c091bfac7a527f09e8f70a3feb59ffe518afc27a3db30e8b57ef0aae94abee0606d32c5daaae949a29e5531002a4af2f88789d2c1af7bf08f143898084a1f40073f3e71ea351f8694cb44a42b37f2814a4852c1ca5454c58dfc449f38807e13d1ee15fef5fef079f079b5f12c82656bf06e7a454d424a802a092972066d41ca0fc516cfc55c30ae9454203ae9d598b6a65aad307958c7147f85f4b2a6226cbcc14850527c4a371d4c5e4cb70c6ee18bef6de3518fd1b0c20bc519f38e255a2624292af15883cf5d63d353452b19a096b4a8267cb052f674ac58a1438168d629f84f4cb5954b2b96093e14aac3a0d87282bb2df87e28a789c89ab258a4826c41e2dac6587079762b83042cf32c568eae94e49d255fdc90a5248e20805bce174aa99ab2132e52ca8f04abec7531f4a4ea74aaca00fa4408c2a502e1022bf078ee4d93cc3b0dd8798a589f522e2e94ea13d48d55f487bf8a7552e5d1a658527377b2992e33325c93975b0bc5f92802c045371cfc3ba6a99ca9ca0a759750cea009dcb03bc6ed8c6ddab2ea8713c767e239833fd3fe63d53f07e7a4d214e61982d4e970e2fab46fff00e27a2fd27fdcbfde0fecf76024d1ce13a515020117528d8b3ea794658701c46c4a00832b3f88f842a9a78ab963f953884cdfe999b2ba29b5e31509f5aa42d33a516992c8503cc6a39831ebff0088c4ff00d3e7244954e2a64e54bba5cda6583d8de3c34505611e1a59be600f62631cf83fd40cb298733dff00b318da2b29d13d1bd949dd2a16524f9c35508f06ec76315d87cc27f859ab96bf8e590402468a4a83e53e4c5bce3de242c2d2143700de1d4624730d4dcc68c68ec2636d072e46d184476d180449272911d346da31a249392235922468c689724ee3008d46e2a5cc68d346e3224934d1b68c8c8924c8c8c8c78924d346111b8c8924d3469498ea32249205d2a0ea91ed189a540d122263191249a088db46e322493931a785bda854d14b38c97ef32db2ebaddb9b3c79b764d68cd30ca54e35865ce6f80a08e3facaf83d9e37c7a7f310bdf4e2bfbfb45f2e7d8c16a7ad93191e1f4d395de2152953bf8b2b215c4f01fa8ab8855b5783aa6b2749ac9f3651f1a5642c8b875f84056d7568fbb34367c34dd6e1d2f9fad7f8661f8ee3f2cf62318f1e25209eeeb3397534acee6e4f7c1f373789d657ff0073325ccc1249465f8ad3661b5ee1869bc13786d1fcfdeba7c5fbcafc69abdbdbfad4f6778d2560e8418f20a59f38d14f5ca25953de6945ac50e5f2e897d74e70e3b05554e8a912e9d2b51992ff0098a51018a1d47c2120339677e118be88aab1bbaf6febfd2689abdcc0555cf48318f1e71f89d35266a1266b14a02bba53b29d47c493a66dbc4d6d2136253546969804cc9748730201704e77372002e0f8734563d16f556bebfe7eb23eaf6b15aba9ec11a78f29ecfcca8ee2abf85330ca09f03fc40e60f95ac1791c9cb0af0398befe49a554c33ca8778ed94f8afa5ca59df3410f0ffcdeae9f1faf3ed07f19d3d3d67b598d88f13ad9b312bab287ee94b5a26e853757873703c0f93ed1eafd92ff00e8a9ff00fc48f9467a8d21c2bbb7037fdae6b8351e63115551b34634608dc29199a8c8c3191249cad2e18c462993fa444d1a892484d2a0fe51e912a50c1846e3224931a31a36f191249a8c8dc618924d346011b8c8924d346011b8dc49264646a3224903adabc852025df89ca0788243f27540783e3a99ca9a8c8a4aa51650b29ee7e120df488fb4986cf9d90c898105399dc90082c7605ee38409d98ecf4ca7ef4cc28515848001511672e4900ef1912fbe80e2547c9aa2ff00f86a17ddbd6087807f833c11fed3f6d04cba6486394388304c920acaf085a5194976bdece48e1cbdc718924d74b55933124f00a4936d7781710a398a9d2a624a5a5bb824877e80e9a880b0cecfe594944e21451315312949f082565492f9428eba1b40db5c91c4aad96a2c998827560a04fce2493392b0e95050e20823d46f15f9582cd3265495776322f395824a9fbc2b640ca32bbb12f6e061960544a932b22f2be798af092432d654350347e11619ae5c6423232320e498632351b11249a8c8d98c1124991126424124240275205fce2531a31255082a572b33828cd70e0a5ce5b91e435e11a2a9277965c87ba75374f9d9e2bd5dd9052a6ad689ddd85294a0323e52b0d32f985c88de21d8fccbcd2a6f76191e1c9999681952bf886d196fc9edf7955f11ff007922f7977b9ba6f76bf278951dddd432f85c3dbc3b90fb456ab3b161425844ccb965842fc0f9d8e70ad7f57382476715fc3aa9f3a159dd4b5290a754c2a073596080c00d7f68b0f90f51f792be23a44f94345218df51706d9b9bf18d49325254106583aa827283d54d1599dd8c528079e1c4b44bf8181cab2a72010e9bb31dc3bc6cf63d5de95f7896519a4ba188ce9ca966372efa96e503bf27b7de4fd25926ae4adb3196ad59f29d2e5bca269c5197c59726eecdef68a92bb16a32912fbd47833fc32ca73674801ee6ce356d2d0c713c0173a5cb4a972c777972a7bb2a964e4caa0a4e60e1f4d1a083bfb495f11dcb520324148b3800816e20708d4a32ddd39015bdc33a9bff007457667645e7779de86242ad2d94084e5ca9566b237cbe51c615d903266ca98673f7649cb9585c31cbe2f0dcf9c56f7be47de4fd25a3b84dfc22fad85faf1891296d23623235b96009b78c11a8c892e6e323046449268c608c8c8924dc6a32351249b3105554a6580545812948b3b9516486038c4d11d4d3a56196010e0b1e2343e510f49209231aa75a732674b22ff98599dddcecd78d2f1aa70a0933937008bbeaac82e2c7c45a03a8c1559dd1dd04661e132c3e5619866d8923520db68e3fe86b650fe4ef95e5a6cf6636bba6c748cb73fb4a8c256354ea669d2ee12478802caf84b1bdf682e44f4ac6642828390e0821c1b878514d821cc0cc1248fccd2c026c3287d802e61bc89094064860ef6e304a58f597258dc6a3041c9371a8d4644926e31a3232249371a8c8c8924c8dc6464492646a3232249323235191249b8c8c8c8924dc6a323224932323519124991b8d4644926e323232249371a8c8c8924c8c8c8c8924c8c8c8c8924dc69e32322493232323224932371919124991a8c8c8924c8c319191249a8c8c8c8924c8c8c8c8924e808d464645c93230c64644927fffd9, 'https://www.youtube.com/watch?v=W37DlG1i61s', '2016-07-30 14:00:00');

-- --------------------------------------------------------

--
-- Table structure for table `menukaart`
--

CREATE TABLE IF NOT EXISTS `menukaart` (
`id` int(6) NOT NULL,
  `naam` varchar(64) NOT NULL,
  `prijs` double NOT NULL,
  `soort_id` int(6) NOT NULL
) ENGINE=InnoDB  DEFAULT CHARSET=latin1 AUTO_INCREMENT=36 ;

--
-- Dumping data for table `menukaart`
--

INSERT INTO `menukaart` (`id`, `naam`, `prijs`, `soort_id`) VALUES
(11, 'Haringtartaar met tomaat en lente-ui', 3.5, 6),
(12, 'Stokbrood met kruidenboter', 2.5, 6),
(13, 'Garnalen Cocktail', 3.5, 6),
(14, 'Gemarineerde champignons met geitenkaas', 3, 6),
(15, 'Verse tomatensoep', 4, 7),
(16, 'Soep van de dag', 5, 7),
(17, 'Gefrituurde inktvis ringen', 6.5, 7),
(18, 'Mini Hamburgers', 9.5, 7),
(19, 'Groene Salade', 4, 8),
(20, 'Salade met gerookte zalm', 5.5, 8),
(21, 'Salade met walnoten', 5, 8),
(22, 'Salade met walnoten', 5.5, 8),
(23, 'Ossenhaas met champignonensaus', 11, 9),
(24, 'Wienerschnitzel', 12.5, 9),
(25, 'Biefstuk', 12, 9),
(26, 'Spareribs (4 stuks)', 13, 9),
(27, 'De bonte koe hamburger met patat', 12.5, 9),
(28, 'Kipfilet', 9.5, 9),
(29, 'Margarita', 8, 10),
(30, 'Pepperoni Pizza', 9.5, 10),
(31, 'Tonijn', 10, 10),
(32, 'Pizza van de Chef', 12, 10),
(33, 'Chocomel', 4, 13),
(34, 'Koffie', 4, 14),
(35, 'Alcohol van de Chef', 139.99, 15);

-- --------------------------------------------------------

--
-- Table structure for table `menukaart_soort_id`
--

CREATE TABLE IF NOT EXISTS `menukaart_soort_id` (
`id` int(6) NOT NULL,
  `course` int(11) NOT NULL,
  `naam` varchar(64) NOT NULL,
  `opmerking` text
) ENGINE=InnoDB  DEFAULT CHARSET=latin1 AUTO_INCREMENT=16 ;

--
-- Dumping data for table `menukaart_soort_id`
--

INSERT INTO `menukaart_soort_id` (`id`, `course`, `naam`, `opmerking`) VALUES
(6, 5, 'Koude Voorgerechten', NULL),
(7, 5, 'Warme voorgerechten', NULL),
(8, 6, 'Salades', NULL),
(9, 6, 'Vlees', NULL),
(10, 6, 'Pizza''s', NULL),
(11, 6, 'Vis', NULL),
(12, 7, 'Ijs', NULL),
(13, 8, 'Koude Dranken', NULL),
(14, 8, 'Warme Dranken', NULL),
(15, 8, 'Alcohol', NULL);

-- --------------------------------------------------------

--
-- Table structure for table `menukaart_soort_id_course`
--

CREATE TABLE IF NOT EXISTS `menukaart_soort_id_course` (
`id` int(6) NOT NULL,
  `coursenaam` varchar(64) NOT NULL
) ENGINE=InnoDB  DEFAULT CHARSET=latin1 AUTO_INCREMENT=9 ;

--
-- Dumping data for table `menukaart_soort_id_course`
--

INSERT INTO `menukaart_soort_id_course` (`id`, `coursenaam`) VALUES
(5, 'Voorgerecht'),
(6, 'Hoofdgerecht'),
(7, 'Nagerecht'),
(8, 'Drinken');

-- --------------------------------------------------------

--
-- Table structure for table `reserveringen`
--

CREATE TABLE IF NOT EXISTS `reserveringen` (
`id` int(6) NOT NULL,
  `naam` varchar(64) NOT NULL,
  `aantalpers` int(6) DEFAULT NULL,
  `date` datetime DEFAULT NULL,
  `opmerking` text
) ENGINE=InnoDB  DEFAULT CHARSET=latin1 AUTO_INCREMENT=2 ;

--
-- Dumping data for table `reserveringen`
--

INSERT INTO `reserveringen` (`id`, `naam`, `aantalpers`, `date`, `opmerking`) VALUES
(1, 'Reservering_1', 1, '2016-06-28 12:46:00', '');

-- --------------------------------------------------------

--
-- Table structure for table `users`
--

CREATE TABLE IF NOT EXISTS `users` (
`id` int(6) NOT NULL,
  `naam` varchar(64) NOT NULL,
  `ww` varchar(64) NOT NULL
) ENGINE=InnoDB  DEFAULT CHARSET=latin1 AUTO_INCREMENT=3 ;

--
-- Dumping data for table `users`
--

INSERT INTO `users` (`id`, `naam`, `ww`) VALUES
(2, 'admin', 'maakhetbont');

-- --------------------------------------------------------

--
-- Table structure for table `zalen`
--

CREATE TABLE IF NOT EXISTS `zalen` (
`id` int(6) NOT NULL,
  `naam` varchar(64) NOT NULL,
  `tekst` text,
  `foto` mediumblob
) ENGINE=InnoDB  DEFAULT CHARSET=latin1 AUTO_INCREMENT=20 ;

--
-- Dumping data for table `zalen`
--

INSERT INTO `zalen` (`id`, `naam`, `tekst`, `foto`) VALUES
(19, 'Futuristische Zaal', 'Alleen futuristische films worden hier afgespeeld.', 0xffd8ffe000104a46494600010101006000600000ffdb004300080606070605080707070909080a0c140d0c0b0b0c1912130f141d1a1f1e1d1a1c1c20242e2720222c231c1c2837292c30313434341f27393d38323c2e333432ffdb0043010909090c0b0c180d0d1832211c213232323232323232323232323232323232323232323232323232323232323232323232323232323232323232323232323232ffc00011080078008603012200021101031101ffc4001c0000000701010000000000000000000000000203040506070108ffc400381000010303030204040405030500000000010203040005110612213141132251610714327123426291155281a1d11633b1344383c1f0ffc400190100030101010000000000000000000000010203000405ffc40020110101000202030101010100000000000000010211031204213141132251ffda000c03010002110311003f002503d2bb8aee2ae51287b9e8288f3c861b538e2b0948c9a756ad252b53204ab83ab8f6f51f2348242963deb76146bf7581147e34b691ec55cfed4827515a54ac0988fbed3fe2b48b7e81d3f04796dad38a3f9dc4ee3fbd4e37a7ad694809b7c703b7e18a5ec6eac9d8b8c293fecca697f65734e370238231eb9abecef87da6e76ef12dc84a8e4ee6fcbff155d93f0d0c4caed17592cabf2b6f1de8fb735a64dd11294f140a78f7a6d285cec7945dd84148ff00bcc9c8fbe3b57117680ea029129b20f400f347b0752c41c574511335b5a7736c3ee76f23668be2c959fc3b64d3ff008eb4a1a3815da60e5c95195891066363d54c922bac5eedd217b512d0958fcaaca4ff007a2da3f29345239a512a0b1949047a8a0538ac1496dcf6c50a57142b01002bb8a3015dc561406a37bc2623a4f095be84abf7ad9ed694884c803090848031db158fea3b69b8dad686d5b5d6fced9fd42af5f0fb53b37ab536c3cb089ac2421e694790a1c67ed4b4d8ad935e9ac2330d86dc3fa8e2ab975d5b76b36d54989094de32409002b1f634beb8bab96ad293e44756d9096f08e71c9e2b0676619ab47ccbab94fac0c8cee24e3b537170ff004fd532f8dc2d5f146c3709098afb822be4e30b208fdfa55c1a7da9284b8d388520f20a4e41ac1e2fc31bc5c22a1d2dc78a95a77250e9cabdba74a6f1a76aad053d10dd52ca09cf8255b90e0fd27b1a19714fca12b759963b74f585488cdba7f5722918fa5acd11edec5b63a0fa840a61a6359c1d40d6d4953125006e61d18503ff00b156a1e6153f706ea9a22032d8c21b481e813464b09c7403fa538f5f4a0803a77a3b6841709a7479d00e7b119a879fa32c9700bf1edeca94a1c909c1ab1e00e060d7781cd2edb4c6affa32e7a69b5cbb238a9311392b8ce7240fd269adbae4c5d6221f60f5e1493f5057706b6a75b4ad24119078ac5b5959ff00d2ba99ab9426c221cdf23cd81c6ff51e94f296e278139a15c6d7b9b4abd450aa25a262bb47db5cc50124a06a0ee50970a60bc4299f2129beaea4642bd88ef560ce78a8c5c255ff005045b2e70c1c38fe3d01e9429a24a1bd36f3a65575d4ca0a8c1386e3b2929f1b3c249f727a0ab0694d270aced0bacd69a44950ca41030c27b247ad4e3b616e4984da963e5e3ab25bc7d78fa73f6a9f4c669c404adb0b1e8a19a5f715fc4339757cdbdc936fb6ae4a1ac9c97361501fca0d43dd61c4d63a67e65946140171a528616dac76abb782df8651b13b71803d2a12c76a55aadeeb4f2863c55b83d00349fa3e95a83638da9ec31a6a55f2b3db1b4486b85a5638edd47b52ec6a6bae9b7511352472a6ba227b28250a1fa80e86a6348b01bb2af68012b90e2871c75a9d79943a8287101483c10475a206d1aeb0ee0c0910e4b6fb4467736ac81f7f4a8395ab37ca5c3b3c07ae521070b0d909427eeaaaf6abd3f09cb8c7b7da63aa3cc927738b8eb52421bee5491c1cd5d6cd658d66b6b51186821284e147ba8fa9a5b5a1bd8f532e74955bee105702701bd2d2d414163d88ab160f7aa86abc44306ead001c8afa0157e85706ad2dc8f15a4a93e64a86411de84a2555c8acdbe2d142b4e32d64075725051f7cff008aba5d6f70ad31d6e4b94db2903a28f27ec2b22b8dd64eb1bd265a9b5356c8a4fcba143970ff0039a7c4b4f239fc0467d2851f6e00038a1554ca57782281a2abdab3688bcb0d36a7147012093527f0d6078e995787079a42ca524f5da2a02f654ddadf293cec38ad1346b4cc7d33010da927f08138f534969a45800d869c21d09ce7a7af6a83be5f23daa2a56a5a438e1dad82ac64fad54e7dddb55aa54b91343c96d2a510dafca285aa34d42d2e0c85023be0d2721af9861684ac24a863763b57966cfae2f163d4024894e18ca732a654b253b4d7a66d97245ce13129b186de405a79a4d81cc38a88715b8ede36363038a59c4150a327ad1d4538a66425bad0224a9129d737bef2c92a23903b0149dce14d9acbc844d7630c7e129beb9f7a955ad08054b584a477271fde88890c3a4843adaf1d76ab3c52515376dd6f5a30c59514bb202fc25eef29580aea3fa557f52c299627603706e132232f9daa6c3a481c76cd6b591b78acefe232d0a9b6949193e22cf4f6ad02ab1fc29a75df1663aecb73a853caddcd3f1d00e38e0715dcf940f6a2f7aac89760550ae2a8553603e33dea39f96fb9204380d78d2967013d923d4d3b94bf0d852c1e40269ffc32849936f9177739764be40cf64a7d2936389e5b3e1eb32580bbc3ae487543250090948f4a7ebd0acc26c3b6896fc37db07600b2a41f622aded8ec28fd38a4aac556d2b45e90e5bef515a4cc8de552143850238523effdaa0f57e8bb2aedef1097a195b7b4b91d2549c7ea157c720b0b982594032129da95f703d297f0d2a404a80e9820f4a1a1dbcc6d69052efeb8f2a5b6a8be195b2e81c3981d3d8d6f7a050a1a4ede9503e546067d33c57753e9db55c2d6b6de2d443bb778a309c7aff6a421eb1d316c8edc46ee8ded65211f49edfd292e78cbee8f5b7e2e9b38a653e4a224379f755b50d214b51f4007ff007ef48dab51daef2857f0f9cc48527aa50791fd0d31d556d9b76b2b9122109538a09564e329cf2334fda65f296cb3eb23d6378bb5c6c526e6f17a3c5570d32090027230a3ee6a93a32f37b62fe1701f755e1a0adc6d4b252a0066b749da618fe1ab45c90e4b68e0780da78563a0c54442d0d625ad72998332d2e01b0ee56d273ed9e686857bb1dc85dacd1a7a4293e2a33b55c73545d74b53ba9edcd7e4424af3daae565f90b4dbdab7b52d2b0d0c277ab19aa0df6509fad9f5232a663b4100f6c93cd6c67b0ae67b9a0558fb51546875e2ac881566850c50a0ce4a683b1dc463ea491fbd38f85774116349d3b2c84498cea94da4fe66cf4349e7350972b5bff3cddced8f7cbdc1ae12beca1fca68d1c5b7a38391462726b39b37c4b881088f7b6950258e145432d9f707b5585dd6f6466217fe7d9713f952839513ec2a5965319ed5936b2ef0393d2a0f50ea98164671e2a1c94afa1907249f7f41548b86bdbcdc0a9ab6c54c36b3ff0050e799647a81daa014b8cd3ab9336521c90ae16ebaae4ff4af3f97cc93fce2eae3f1b7ef23fb9dce55de425c9882facab21293f86d8fb77ae21091b494241f64e05453b7db7290584cf69b1d3291458eb2fab743bb0715d924857f6af3797fae7777d3bb8f1c31f49375af94928b840fc198df2149380bf6207ad69fa6351b3a82dc9780f0e4b7e57d93f915fe2b243f3d2da7a3badec70a7caea0f069e58e7bfa66ed1e73ea57cba921a9691c823b2bfe39aaf89cd70cbae552f238b7378b6a2335c2c36b5656804fa9a2447db931d0f36b0b42c642b34b139af71e6dfa6570b54796c290b424123852460a7ed5995c2ccfe9bb8043aa53d1e4afcaf2b8215e86b5b0a278aab6bb8a891a625a943ccc80e24fb835a7d0aa8a9b4e73d8526401d28912417e1b6b23eb4851a576e6adb4ac16851b650a00e0a2914d0dc9947d61481ee2956e5b2f0f22f34d6c0756c34f276b8da569f4527350177b1bc992ccbb6c68fb927cc8c63356349a07ad4f2c267354f8e56296e4db8a672224d75984dad272a4f5fb669ac8d38643cb71bb907107f9cf22aeb2add12680992ca1c00f523a531ff4a5a14929f0543dc384735c59787abbc3d3af1f2bd6b253c6932b07135b0af750a33ba4ae0da029a7db27b6d38353aab035667cbee45f9d81f990144388fb1ee2ad96dd2364bec04cab3dd6537b87d0159da7dc5472e1e59fab4e7c34ce53375058ca55292e3ac0edd7fbd58edd7789798f8c80a1f5b4aea07f8a999da3f525b90490d5ca3e338070bc7dba5548daa2264ad6e459f064678486ce2a3c9c36fbb3554c3971ff00ab9d8aff00234cb8965c5addb4a8f29ce4b449eded5ab32e21f650eb6adc958041f506b1387a7f535caddb8446d6c2c14a1d78ec56307929ab2c5f8848d3c945a2e76c9487d86d2925b4ef1f7aebf167275ff6e7e7e96ee34dc803ad50fe225e00808b330a0a933160280ea947524d47c8f8872ee0dadab45adf49231e33e02403eb8a84896f71331e9d39e53f35dfa96ae83d8576c72d3d65b4b31d081d920734aefdbd28841a1d3ad391d0a24d0a008a15814efe3454ee16d6520e0e4d481da594c98ea0149e48c75142852b25d97438da560f04529d6850a79f01d00e28c907342851628521594ab91e950ae7cee9cb98bb5a1214df57e2e7858f5142854f390f3e354d377d89a82d4d4d8e7858e52aea0f706a6951da3c29b49041ec2850ae7a68e2e3a549c240031d2b2ad7d0cdbf51c1b8b676a5e3e02f03bf506850aae321efc71b24739e7bd189c9a1429e22ea467a9ae398ed4285380a9a14285067ffd9);

--
-- Indexes for dumped tables
--

--
-- Indexes for table `films`
--
ALTER TABLE `films`
 ADD PRIMARY KEY (`id`);

--
-- Indexes for table `menukaart`
--
ALTER TABLE `menukaart`
 ADD PRIMARY KEY (`id`), ADD KEY `soort_id` (`soort_id`);

--
-- Indexes for table `menukaart_soort_id`
--
ALTER TABLE `menukaart_soort_id`
 ADD PRIMARY KEY (`id`), ADD KEY `id` (`id`), ADD KEY `course` (`course`);

--
-- Indexes for table `menukaart_soort_id_course`
--
ALTER TABLE `menukaart_soort_id_course`
 ADD PRIMARY KEY (`id`), ADD UNIQUE KEY `id` (`id`);

--
-- Indexes for table `reserveringen`
--
ALTER TABLE `reserveringen`
 ADD PRIMARY KEY (`id`);

--
-- Indexes for table `users`
--
ALTER TABLE `users`
 ADD PRIMARY KEY (`id`);

--
-- Indexes for table `zalen`
--
ALTER TABLE `zalen`
 ADD PRIMARY KEY (`id`);

--
-- AUTO_INCREMENT for dumped tables
--

--
-- AUTO_INCREMENT for table `films`
--
ALTER TABLE `films`
MODIFY `id` int(64) NOT NULL AUTO_INCREMENT,AUTO_INCREMENT=2;
--
-- AUTO_INCREMENT for table `menukaart`
--
ALTER TABLE `menukaart`
MODIFY `id` int(6) NOT NULL AUTO_INCREMENT,AUTO_INCREMENT=36;
--
-- AUTO_INCREMENT for table `menukaart_soort_id`
--
ALTER TABLE `menukaart_soort_id`
MODIFY `id` int(6) NOT NULL AUTO_INCREMENT,AUTO_INCREMENT=16;
--
-- AUTO_INCREMENT for table `menukaart_soort_id_course`
--
ALTER TABLE `menukaart_soort_id_course`
MODIFY `id` int(6) NOT NULL AUTO_INCREMENT,AUTO_INCREMENT=9;
--
-- AUTO_INCREMENT for table `reserveringen`
--
ALTER TABLE `reserveringen`
MODIFY `id` int(6) NOT NULL AUTO_INCREMENT,AUTO_INCREMENT=2;
--
-- AUTO_INCREMENT for table `users`
--
ALTER TABLE `users`
MODIFY `id` int(6) NOT NULL AUTO_INCREMENT,AUTO_INCREMENT=3;
--
-- AUTO_INCREMENT for table `zalen`
--
ALTER TABLE `zalen`
MODIFY `id` int(6) NOT NULL AUTO_INCREMENT,AUTO_INCREMENT=20;
--
-- Constraints for dumped tables
--

--
-- Constraints for table `menukaart_soort_id`
--
ALTER TABLE `menukaart_soort_id`
ADD CONSTRAINT `menukaart_soort_id_ibfk_1` FOREIGN KEY (`course`) REFERENCES `menukaart_soort_id_course` (`id`);

/*!40101 SET CHARACTER_SET_CLIENT=@OLD_CHARACTER_SET_CLIENT */;
/*!40101 SET CHARACTER_SET_RESULTS=@OLD_CHARACTER_SET_RESULTS */;
/*!40101 SET COLLATION_CONNECTION=@OLD_COLLATION_CONNECTION */;
